ponto,veic,situacao,tipo
1,"VW/SPACEFOX","Regular","1"
2,"FIAT/SIENA","Regular","1"
3,"RENOULT/KWID","Regular","1"
4,"GM/ SPIN 1.8L M","Regular","1"
5,"RENAULT/KWID","Irregular","1"
6,"CHEV/CLASSIC","Regular","1"
7,"VW/GOL","Regular","1"
8,"GM/CORSWA","Irregular","1"
9,"FIAT/CRONOS","Regular","1"
10,"TOYOTA/ETIOS","Regular","1"
11,"","Irregular","1"
12,"GM/CLASSIC","Regular","1"
13,"FIAT/UNO EVOLUT","Irregular","1"
14,"TOYOTA/COROLLA","Regular","1"
15,"TOYOTA/COROLLA","Regular","1"
16,"CHEV/COBALTA","Regular","1"
17,"RENAULT/KWID","Irregular","1"
18,"CHEV/CLASSIC","Regular","1"
19,"CHEV/COBALT 1.8","Irregular","1"
20,"FIAT/SIENA","Regular","1"
21,"FIAT/SIENA","Regular","1"
22,"GM/CLASSIC","Regular","1"
23,"FIAT/PALIO","Irregular","1"
24,"GM/CLASSIC LS","Irregular","1"
25,"TOYOTA/YARIS","Regular","1"
26,"FIAT/SIENA 1.4","Regular","1"
27,"COROLLA CROSS","Regular","1"
28,"VW/T CROSS","Regular","1"
29,"VW VOYAGE","Regular","1"
30,"CHEV PRISMA","Regular","1"
31,"GM/CLASSIC","Regular","1"
32,"CHEV/SPIN","Regular","1"
33,"FIAT/SIENA","Regular","1"
34,"VW/VOYAGE","Regular","1"
35,"VW/POLO SENSE","Regular","1"
36,"TOYOTA","Regular","1"
37,"CHEV/ CORSA","Irregular","1"
38,"","Regular","1"
39,"CHEV/PRISMA","Regular","1"
40,"FORD/KA","Regular","1"
42,"GM CLASSIC LS","Regular","1"
43,"CHEV/CLASSIC","Regular","1"
44,"RENAULT KWID","Regular","1"
45,"HONDA/CIVIC","Regular","1"
46,"VW/VOYAGE CL","Regular","1"
47,"FIAT SIENA","Regular","1"
48,"FIAT/ PULSE","Regular","1"
49,"RENAULT/SANDEIR","Regular","1"
50,"CHEV/SPIN","Irregular","1"
51,"SPIN 1.8 LT","Regular","1"
52,"CHEV/COBALT","Irregular","1"
53,"VW/VIRTUS","Regular","1"
54,"FIAT SIENA","Irregular","1"
55,"TOYOTA/CCROSS","Regular","1"
56,"VW FOX","Irregular","1"
57,"TOYOTA/COROLLA","Regular","1"
58,"FIAT/SIENA ESSE","Regular","1"
59,"NISSAN KICKS","Regular","1"
60,"I/ FIAT CRONOS","Irregular","1"
61,"FIAT/SIENA","Regular","1"
62,"VOYAGE","Irregular","1"
63,"GM/CLASSIC LS","Irregular","1"
64,"FORD FIESTA","Irregular","1"
65,"CHEV/SPIN","Regular","1"
66,"CHEV/COBALT","Regular","1"
67,"TOYTA/CCROSS","Regular","1"
68,"TOYOTA/XEI","Irregular","1"
69,"CHEV/SPIN","Regular","1"
70,"CHEV/TRACKER","Irregular","1"
71,"FIAT/SIENA  1.4","Irregular","1"
72,"ONIX PLUS","Regular","1"
73,"CHEV/ONIX","Regular","1"
74,"GM/ONIX","Regular","1"
75,"RENAULT/KWID","Regular","1"
76,"CHEV/CLASSIC LS","Regular","1"
77,"VW/VOYAGE","Regular","1"
78,"CHEV/ONIX","Regular","1"
79,"FIAT/SIENA","Irregular","1"
80,"CHEV/ONIX","Irregular","1"
81,"CHEV/COBALT 1.8","Regular","1"
82,"CHEV/SPIN","Regular","1"
83,"CHEV/ PRISMA","Regular","1"
84,"RENAULT/ DUSTER","Irregular","1"
85,"NISSAN/VERSA","Regular","1"
86,"CHEV/ONIX","Regular","1"
87,"FORD/KA","Regular","1"
88,"GM/CLASSIC","Regular","1"
89,"WV/ FOX","Irregular","1"
90,"VW SPACE FOX","Irregular","1"
91,"CHEV/ ONIX","Regular","1"
92,"VW/VIRTUS","Irregular","1"
93,"FIAT/DOBLO","Irregular","1"
94,"GM CLASIC","Regular","1"
95,"FOX 1.6","Irregular","1"
96,"VW/VIRTUS","Regular","1"
97,"FIAT LINEA","Regular","1"
98,"COROLLA/CROSS","Regular","1"
99,"TOYOTA/COROLLA","Regular","1"
100,"TOYOTA ETIOS","Regular","1"
101,"VW GOL","Irregular","1"
102,"CHEV/PRISMA","Irregular","1"
103,"VW/GOL","Regular","1"
104,"KCS K16","Regular","1"
105,"CLASSIC","Irregular","1"
106,"CITROEN/BASALT","Regular","1"
107,"GM/COBALT","Regular","1"
108,"CHEV/ONIX","Regular","1"
109,"CHEV CRUZE LT","Regular","1"
110,"CHEV/ONIX","Regular","1"
111,"FIAT SIENA","Regular","1"
112,"VW/VOYAGE 1.6","Irregular","1"
113,"VW/VOYAGE","Regular","1"
114,"CHEV/TRACER","Regular","1"
115,"FIAT/ SIENA","Regular","1"
116,"VW/VOYAGE","Regular","1"
117,"CHEV/ONIX","Regular","1"
118,"TOYOTA/CCROSS","Regular","1"
119,"FIAT/SIENA","Regular","1"
120,"VW/VOYAGE 1.6","Irregular","1"
121,"FIAT/GRAND SIEN","Regular","1"
122,"PRISMA","Regular","1"
123,"NISSAN/VERSA","Regular","1"
124,"GM/CORSA SEDAN","Regular","1"
125,"JEEP/RENEGADE","Regular","1"
126,"CHEV/ONIX","Regular","1"
127,"HYUNDAI/ NEW","Regular","1"
128,"CHEV/ SPIN","Regular","1"
129,"CHEV/MONTANA","Regular","1"
130,"TOYOTA/COROLLA","Regular","1"
131,"SIENA","Regular","1"
132,"VW/GOL MPI","Regular","1"
133,"FIAT/PULSE","Regular","1"
134,"CHEV/SPIN","Regular","1"
135,"VW/FOX CONNECT","Regular","1"
136,"CHEVROLET ONIX","Regular","1"
137,"VW/VOYAGE","Regular","1"
138,"CHEV CLASSIC","Regular","1"
139,"VW/VIRTUS","Regular","1"
140,"ONIX PLUS","Regular","1"
141,"FIAT/SIENA","Irregular","1"
142,"VW/POLO","Regular","1"
143,"VW VOYAGE","Regular","1"
144,"VW/POLO","Regular","1"
145,"CHRV/ONIX","Regular","1"
146,"JEEP/COMPASS","Regular","1"
147,"FIAT/ SIENA","Regular","1"
148,"CHEV/PRISMA","Regular","1"
149,"TOYTA/CROSS","Regular","1"
150,"CHEV/SPIN","Regular","1"
151,"VW / FOX","Regular","1"
152,"CHEV / CLASSIC","Regular","1"
153,"VW/VIRTUS","Regular","1"
154,"FIAT SIENA","Irregular","1"
155,"VW/R CROSS","Regular","1"
156,"VW/VIRTUS EXCLU","Regular","1"
157,"HYUNDAI/ HB20","Regular","1"
158,"VW/NOVO GOL","Irregular","1"
159,"CHEV COBALT 18M","Regular","1"
160,"TOYOTA/CCROSS","Regular","1"
161,"HYUNDAI/CRETA","Regular","1"
162,"CHEV/SPIN","Regular","1"
163,"NISSAN KICKS","Regular","1"
164,"PRISMA 1.4 MT","Regular","1"
165,"VW/ GOL","Regular","1"
166,"CHEV/CLASSIC","Regular","1"
167,"CHEV/ONIX","Regular","1"
168,"CHERY QQ","Irregular","1"
169,"RENAULT/KWID","Irregular","1"
170,"COROLLA/XEI","Regular","1"
171,"VW/POLO SENSE","Regular","1"
172,"RENAULT/SANDERO","Regular","1"
173,"CHEV/SPIN","Regular","1"
174,"FIAT/DOBLO","Regular","1"
175,"PEUGEOT 2008 GT","Regular","1"
176,"FIAT/SIENA","Irregular","1"
177,"CHEV COBALT","Irregular","1"
178,"CLASSIC LS","Regular","1"
179,"CHEV/CLASSIC","Regular","1"
180,"CHEV/ONIX","Regular","1"
181,"CHEV/ SPIN","Regular","1"
182,"VW/GOL","Irregular","1"
183,"FIAT/SIENA","Irregular","1"
184,"GM/COBALT 1.8","Irregular","1"
185,"COROLLA/CROSS","Regular","1"
186,"COBALT 1.4","Irregular","1"
187,"CHEV/SPIN 1.8","Regular","1"
188,"BASALT SHINE","Regular","1"
189,"FIAT/DOBLO","Irregular","1"
190,"FIAT/PALIO","Regular","1"
191,"HONDA/CITY","Regular","1"
192,"CHEV/ONIX","Regular","1"
193,"CHERY QQ","Regular","1"
194,"FIAT/DOBLO","Irregular","1"
195,"FORD KA","Regular","1"
196,"HYUNDAI/HB20S","Regular","1"
197,"","Regular","1"
198,"KWID","Regular","1"
199,"FIAT/SIENA","Regular","1"
200,"CHEV/TRACKER","Regular","1"
201,"RENAULT/KWID","Regular","1"
202,"CHEV PRISMA","Regular","1"
203,"RENAULT/SANDERO","Regular","1"
204,"CHEV/TRACKER","Irregular","1"
205,"FIAT/ARGO","Regular","1"
206,"","Regular","1"
207,"CHEV/CLASSIC","Regular","1"
208,"TOYOTA/COROLLA/","Regular","1"
209,"TOYOTA/ COROLLA","Regular","1"
210,"CHEV/SPIN","Regular","1"
211,"VW NOVO VOYAGE","Regular","1"
212,"FIAT/SIENA","Regular","1"
213,"CHEV/SPIN","Regular","1"
214,"CHEV/PRISMA 1.4","Regular","1"
215,"VW FOX","Irregular","1"
216,"TOYOTA/ETIOS SD","Irregular","1"
217,"FIAT/MOBI","Regular","1"
218,"FIAT/SIENA","Regular","1"
219,"CHEV/TRACKER","Regular","1"
220,"FIAT/SIENA","Regular","1"
221,"FIAT/MOBI","Irregular","1"
222,"CHEV /SPIN","Irregular","1"
223,"VW/POLO MB","Irregular","1"
224,"","Regular","1"
225,"CHEV/ CORSA","Regular","1"
226,"FORD/ KA","Regular","1"
227,"CHEV/ONIX","Regular","1"
228,"FIAT SIENA","Regular","1"
229,"FIAT/SIENA","Irregular","1"
230,"VW/VOYAGE","Regular","1"
231,"FIAT/SIENA","Irregular","1"
232,"FIAT/ SIENA","Regular","1"
233,"FIAT/SIENA ATTR","Regular","1"
234,"CHEV / ONIX","Regular","1"
235,"VW/GOL","Regular","1"
236,"FIAT MOBI","Regular","1"
237,"GM/PRISMA","Regular","1"
238,"CHEV/SPIN","Regular","1"
239,"VW/POLO","Regular","1"
240,"CITROEN/C3 LIVE","Regular","1"
241,"FIAT/DOBLO","Regular","1"
242,"CHEV/COBLAT","Irregular","1"
243,"CHEV/CLASSIC","Regular","1"
244,"HYUNDAI","Regular","1"
245,"CHEV/SPIN 1.8","Regular","1"
246,"CHEV/ONIX","Regular","1"
247,"JEEEP/RENEGADE","Regular","1"
248,"CHEV/PRIMA","Regular","1"
249,"VW/VIRTUS","Regular","1"
250,"CHEV/TRACKER","Irregular","1"
251,"VW/GOL","Regular","1"
252,"GM/CORSA SENDAN","Irregular","1"
253,"CHEV/ SPIN","Regular","1"
254,"CHEV/ONIX","Regular","1"
255,"CHEV/ TRACKER","Regular","1"
256,"VW/VIRTUS","Regular","1"
257,"VW/FOX 1.6","Regular","1"
258,"VW / VOYAGE","Regular","1"
259,"RENAULT","Regular","1"
260,"VW/VIRTUS MB","Regular","1"
261,"CHEV/ONIX PLUS","Regular","1"
262,"CORSA /CLASSIC","Irregular","1"
263,"FIAT/SIENA","Regular","1"
264,"CHEV/ ONIX PLUS","Regular","1"
265,"TOYOTA/YARIS","Regular","1"
266,"CHEV/ONIX","Irregular","1"
267,"FIAT/MOBI","Regular","1"
268,"FIAT/UNO","Regular","1"
269,"CHEV/PRISMA","Regular","1"
270,"FIAT/SIENA","Regular","1"
271,"RENAULT/LOGAN","Irregular","1"
272,"GM/SPIN","Regular","1"
273,"FORD KA","Regular","1"
274,"PRISMA","Regular","1"
275,"FIAT/DOBLO","Regular","1"
276,"FIAT/SIENA","Irregular","1"
277,"FIAT/CRONOS","Regular","1"
278,"GM/ZAFIRA","Regular","1"
279,"CHEV SPIN","Regular","1"
280,"FIAT/SIENA","Irregular","1"
281,"CHEV/CLASSIC","Regular","1"
282,"FIAT SIENA","Irregular","1"
283,"GM/CORSA","Irregular","1"
284,"NISSAN/KCS","Regular","1"
285,"I/ FORD FIESTA","Regular","1"
286,"VW/FOX 1.6","Irregular","1"
287,"FORD/KA","Regular","1"
288,"CHEV/ONIX PLUS","Regular","1"
289,"TOYOTA ETIOS","Irregular","1"
290,"CHEV PRISMA","Regular","1"
291,"TOYOTA/YARIS","Regular","1"
292,"COROLA XEI","Regular","1"
293,"FIAT/CRONOS","Regular","1"
294,"","Regular","1"
295,"CHEV COBALT","Irregular","1"
296,"CHEV/ ONIX LTZ","Regular","1"
297,"FORD FIESTA","Irregular","1"
298,"FIAT/SIENA 1.4","Regular","1"
299,"CHEV/SPIN 1.8L","Regular","1"
300,"GM CORSA HATCH","Irregular","1"
301,"","Irregular","1"
302,"FORD KA","Regular","1"
303,"TOYOTA/YARIS","Irregular","1"
304,"CHEV ONIX PLUS","Regular","1"
305,"CHEV/COBALT 1.8","Regular","1"
306,"FIAT SIENA","Regular","1"
307,"FIAT/SIENA","Regular","1"
308,"RENALT SANDERO","Regular","1"
309,"CHEV/TRACKER","Regular","1"
310,"VW/VOYAGE","Regular","1"
311,"TOYOTA/COROLLA","Regular","1"
312,"COROLLA  XEI","Regular","1"
313,"CHEV/PRISMA","Irregular","1"
314,"CHEV/PRISMA","Regular","1"
315,"","Irregular","1"
316,"CHEV/CLASSIC","Irregular","1"
317,"SIENA ATRACTIVE","Regular","1"
318,"FIAT/CRONOS","Regular","1"
319,"TOYOTA/COROLLA","Regular","1"
320,"FIAT/SIENA","Irregular","1"
321,"CHEV/PRISMA 1.4","Regular","1"
322,"FIAT/SIENA","Regular","1"
323,"VW/FOX","Regular","1"
324,"FORD/FIESTA","Irregular","1"
325,"CHEV/TRACKER","Regular","1"
326,"CHEV/ONIX","Regular","1"
327,"CHEV/ONIX","Regular","1"
328,"","Irregular","1"
329,"CHEV/SPIN","Regular","1"
330,"CH/CLASSIC","Irregular","1"
331,"RENAULT","Regular","1"
332,"CHEV/SPIN 1.8","Regular","1"
333,"CHEV/ONIX","Irregular","1"
334,"FIAT/DOBLO1.8","Regular","1"
335,"FIAT/SIENA","Regular","1"
336,"CHEV/SPIN","Regular","1"
337,"CHEV/SPIN","Regular","1"
338,"HYUNDAI/ CRETA","Regular","1"
339,"VW / VIRTUS","Regular","1"
340,"HONDA","Regular","1"
341,"VW/PARATI","Irregular","1"
342,"CHEV/PRISMA","Regular","1"
343,"FIAT/SIENA 1.4","Regular","1"
344,"CHEV/SPIN 1.8","Regular","1"
345,"CHEV PRISMA","Regular","1"
346,"COBALT","Irregular","1"
347,"NOVO VOYAGE","Regular","1"
348,"VW/VIRTUS","Regular","1"
349,"CHEV/PRISMA","Regular","1"
350,"CHEV COBALT","Regular","1"
351,"RENAULT/KWID","Irregular","1"
352,"CHEV/COBALT","Irregular","1"
353,"GM/SPIN","Regular","1"
354,"CHEV/SPIN","Regular","1"
355,"FIAT/SIENA","Regular","1"
356,"FIAT/PULSE","Regular","1"
357,"FIAT/SIENA","Regular","1"
358,"CHEV/PRISMA","Regular","1"
359,"FIAT DOBLO","Regular","1"
360,"CHEV/SPIN 1.8","Regular","1"
361,"FORD/KA SE","Regular","1"
362,"GM/COBALT 1.4","Regular","1"
363,"CHEV/SPIN 1.8","Regular","1"
364,"TOYOTA COROLLA","Regular","1"
365,"CHEV/ PRISMA","Irregular","1"
366,"CITROEN/C3","Regular","1"
367,"CITROEN/BASALT","Regular","1"
368,"CHEV PRISMA","Regular","1"
369,"SIENA 1.4","Regular","1"
370,"CHEV SPIN","Regular","1"
371,"CHEV/ONIX","Regular","1"
372,"NOVO VOYAGE","Irregular","1"
373,"FIAT/MOBI","Regular","1"
374,"VW VIRTUS","Regular","1"
375,"FIAT/CRONOS 1.3","Regular","1"
376,"FIAT/G.SIENA","Regular","1"
377,"FIAT SIENA","Irregular","1"
378,"CHEV/ONIX","Regular","1"
379,"","Regular","1"
380,"NISSAN/KICS","Regular","1"
381,"CHEV/ONIX","Regular","1"
382,"CHEV/ CLASSIC","Regular","1"
383,"VW/VOYAGE","Regular","1"
384,"FIAT SIENA","Regular","1"
385,"CHEV/ONIX","Regular","1"
386,"FIAT /DOBLO","Regular","1"
387,"VW FOX","Regular","1"
388,"FIAT DOBLO","Regular","1"
389,"CHEV/PRISMA","Regular","1"
390,"COROLLA CROSS","Regular","1"
391,"HYUNDAI/HB20","Irregular","1"
392,"FIAT/SIENA 1.4","Irregular","1"
393,"VW/ POLO TRACK","Regular","1"
394,"TOYOTA/ COROLLA","Regular","1"
395,"CHEV/SPIN","Irregular","1"
396,"","Regular","1"
397,"TOYOTA/ETIOS","Regular","1"
398,"CHEV/COBALT","Regular","1"
399,"RENAULT/KWID","Regular","1"
400,"CHEV/SPIN","Regular","1"
401,"CHEV/ONIX","Regular","1"
402,"WV/VOYAGE","Regular","1"
403,"VW/ VIRTUS","Regular","1"
404,"KCS/ K16","Regular","1"
405,"CHEV/ONIX 1.4","Regular","1"
406,"CHEV/SPIN","Regular","1"
407,"FIAT/ SIENA","Regular","1"
408,"CHEV/ONIX","Regular","1"
409,"CHEV/ ONIX","Regular","1"
410,"CHEV/PRISMA","Regular","1"
411,"FIAT/SIENA","Regular","1"
412,"FIAT/ SIENA","Regular","1"
413,"VOYAGE","Regular","1"
414,"VOLKSWAGEN","Regular","1"
415,"CITROEN/C3 FEEL","Regular","1"
416,"CHEV / CHASSIC","Regular","1"
417,"CHEV CLASSIC","Regular","1"
418,"CHEV/ONIX","Regular","1"
419,"TOYOTA","Irregular","1"
420,"CORSA/SEDA","Regular","1"
421,"FIAT CRONOS","Regular","1"
422,"VW/VOYAGE","Regular","1"
423,"CHEV/SPIN","Regular","1"
424,"TOYOTA/CCROSS","Regular","1"
425,"TOYOTA/COROLLA","Regular","1"
426,"VW/NIVUS CL TSI","Regular","1"
427,"CHEV/ONIX PLUS","Regular","1"
428,"CHEV/SPIN","Regular","1"
429,"FIAT LINEA","Irregular","1"
430,"CHEV/ONIX PLUS","Regular","1"
431,"","Regular","1"
432,"  CHEV/TRACKER","Regular","1"
433,"VW/GOL 1.0","Regular","1"
434,"VW/POLO","Regular","1"
435,"FIAT/UNO","Regular","1"
436,"FIAT/CRONOS","Irregular","1"
437,"TOYOTA/YARIS","Irregular","1"
438,"VW/NOVO VOYAGE","Regular","1"
439,"CHEV/COBALT","Regular","1"
440,"GM SPIN","Regular","1"
441,"TOYOTA COROLLA","Regular","1"
442,"GM/COBALT","Regular","1"
443,"NISSAN","Regular","1"
444,"HYUNDAI/HB20S","Irregular","1"
445,"VW/PARATI","Irregular","1"
446,"FIAT/CRONOS","Regular","1"
447,"CHEV / PRISMA","Regular","1"
448,"CHEV/ONIX PLUS","Regular","1"
449,"CHEV/COBALT","Regular","1"
450,"HYUNDAI/CRETA","Regular","1"
451,"CH/COBALT","Regular","1"
452,"VW/VOYAGE","Irregular","1"
453,"CHEV/PRISMA","Regular","1"
454,"FIAT/PALIO","Regular","1"
455,"CHEV/PRISMA","Regular","1"
456,"CHEV/SPIN","Irregular","1"
457,"CHEV/ONIX PLUS","Irregular","1"
458,"SIENA ESSENCE","Irregular","1"
459,"COMPASS LONGITU","Regular","1"
460,"SIENA 1.4","Regular","1"
461,"VW/VIRTUS AB","Regular","1"
462,"FIAT/SIENA","Irregular","1"
463,"VW/VIRTUS","Irregular","1"
464,"CHEV /TRACHER","Regular","1"
465,"CHEV/ONIX","Regular","1"
466,"FIAT CRONOS","Regular","1"
467,"CHEV/CLASSIC","Regular","1"
468,"VOYAGE EVIDENCE","Regular","1"
469,"HYUNDAI / HB20","Regular","1"
470,"CHEV / SPIN 18L","Regular","1"
471,"FIAT / PALIO","Irregular","1"
472,"VW/VIRTUS","Regular","1"
473,"CHEV / SPIN","Regular","1"
474,"FIAT/SIENA 1.6","Regular","1"
475,"GM/PRISMA 1.4","Regular","1"
476,"FIAT/CRONOS","Regular","1"
477,"GM/CLASSIC","Regular","1"
478,"VW/ VIRTUS MB","Regular","1"
479,"VW/VOYAGE","Regular","1"
480,"VW / VOYAGE","Irregular","1"
481,"FIAT/CRONOS","Regular","1"
482,"VW //VOYAGE","Regular","1"
483,"VW/VIRTUS","Regular","1"
484,"","Regular","1"
485,"FIAT/CRONOS","Regular","1"
486," CHEV/TRACKER","Regular","1"
487,"FIAT SIENA","Regular","1"
488,"VOYAGE","Regular","1"
489,"FIAT/SIENA","Irregular","1"
490,"TOYOTA/COROLLA","Regular","1"
491,"RENAULT/DUSTER","Regular","1"
492,"VW/VIRTUS AB","Regular","1"
493,"CHEV/PRISMA","Regular","1"
494,"CHEV/SPIN","Regular","1"
495,"TOYOTA COROLLA","Regular","1"
496,"CHEV/ONIX","Regular","1"
497,"CHEV/ONIX","Regular","1"
498,"FIAT/SIENA","Regular","1"
499,"CHEV/PRISMA","Irregular","1"
500,"NISSAN KICS","Regular","1"
501,"TOYOTA/ CCROSS","Regular","1"
502,"VW/VIRTUS","Regular","1"
503,"CORSA CLASSIC","Regular","1"
504,"CHEV/ONIX","Regular","1"
505,"CHEV/TRACKER","Regular","1"
506,"CHEV/PRISMA","Regular","1"
507,"VW/VIRTUS","Regular","1"
508,"TOYOTA/ YARIS","Regular","1"
509,"CHEV CLASSIC","Regular","1"
510,"TOYOTA/ COROLLA","Regular","1"
511,"CH/PRISMA","Regular","1"
512,"CHEV/ONIX","Regular","1"
513,"VW/VIRTUS","Regular","1"
514,"FIAT SIENA","Regular","1"
515,"FIAT/SIENA","Regular","1"
516,"CHEV / TACKER","Regular","1"
517,"CHEV/PRISMA","Regular","1"
518,"NISSAN/KICS","Regular","1"
519,"CHEV/SPIN","Regular","1"
520,"FIAT/SIENA","Regular","1"
521,"VW/VIRTUS MB","Regular","1"
522,"TOYOTA/COROLLA","Regular","1"
523,"CHEV / CLASSIC","Regular","1"
524,"VW / VOYAGE","Regular","1"
525,"CHEV/SPIN","Regular","1"
526,"CLASSIC LS","Regular","1"
527,"FIAT SIENA","Irregular","1"
528,"CHEV/CLASSIC","Irregular","1"
529,"FIAT/PULSE","Regular","1"
530,"VW/NIVUS","Irregular","1"
531,"NISSAN/ KCS K16","Regular","1"
532,"FIAT/SIENA","Irregular","1"
533,"TOYOTA/COROLLA","Regular","1"
534,"VW/VIRTUS","Regular","1"
535,"CHEV/ONIX","Regular","1"
536,"CHEV/ONIX","Regular","1"
537,"VW / T CROSS HL","Regular","1"
538,"FIAT/SIENA","Regular","1"
539,"CHEV/COBALT","Regular","1"
540,"CHEV/ONIX","Regular","1"
541,"VW/VOYAGE","Regular","1"
542,"FORD/KA","Regular","1"
543,"CHEV/CLASSIC LS","Regular","1"
544,"CHEV/CLASSIC","Regular","1"
545,"CHE ONIX","Regular","1"
546,"CHERY QQ 1.0","Regular","1"
547,"FORD/KA","Regular","1"
548,"TOYOTA CROSS XR","Regular","1"
549,"CHERY/ TIGGO","Regular","1"
550,"COROLLA CROSS","Regular","1"
551,"FORD/KA","Regular","1"
552,"VW/T CROSS TSI","Regular","1"
553,"FIAT/SIENA","Irregular","1"
554,"CHEV/SPIN","Regular","1"
555,"VW/CROSS","Regular","1"
556,"TOY COROLLA XEI","Regular","1"
557,"CHERY/TIGGO","Irregular","1"
558,"NISSAN/KCS","Regular","1"
559,"FIAT/SIENA","Regular","1"
560,"KCS K16","Regular","1"
561,"TOYOTA/YARIS SA","Regular","1"
562,"CHEV/SPIN","Regular","1"
563,"NISSAN/KCS","Regular","1"
564,"FIAT SIENA","Regular","1"
565,"FIAT SIENA","Irregular","1"
566,"FORD/KA","Regular","1"
567,"VW/VIRTUS","Regular","1"
568,"TOYOTA/COROLLA","Regular","1"
569,"VW VOYAGE","Regular","1"
570,"VW/VOYAGE","Regular","1"
571,"CLASSIC LS","Irregular","1"
572,"FIAT/PULSE","Regular","1"
573,"TOYOTA/YARIS HA","Regular","1"
574,"VW NOVO FOX","Regular","1"
575,"CHEV/CELTA","Regular","1"
576,"CHEV/TRACKER","Regular","1"
577,"CHEV/TRACKER","Regular","1"
578,"VW/ POLO SENSE","Regular","1"
579,"VW VOYAGE","Regular","1"
580,"VW/NIVUS","Regular","1"
581,"","Irregular","1"
582,"VW/VIRTUS","Irregular","1"
583,"LOGAN","Regular","1"
584,"RENAULT/LOGAN","Irregular","1"
585,"HONDA CITY","Regular","1"
586,"GM/PRISMA","Regular","1"
587,"GM/CLASSIC","Irregular","1"
588,"CHEV/COBLAT","Regular","1"
589,"CHEV/CLASSIC","Irregular","1"
590,"VW/POLO","Regular","1"
591,"RENAULT/LOGAN","Regular","1"
592,"VW/ POLO SENSE","Irregular","1"
593,"VW/NIVUS","Regular","1"
594,"CHEV/SPIN","Regular","1"
595,"TOYOTA/COROLLA","Regular","1"
596,"CHEV/ONIX PLUS","Regular","1"
597,"VW/VIRTUS","Regular","1"
598,"FIAT SIENA","Regular","1"
599,"HYUNDAI/CRETA","Regular","1"
600,"CHEV/SPIN","Regular","1"
601,"TOYOTA/COROLLA","Regular","1"
602,"FIAT/PULSE","Regular","1"
603,"CHEV/SPIN 1.8","Regular","1"
604,"FIAT CRONOS","Regular","1"
605,"I/FIAT CRONOS","Regular","1"
606,"TOYTA/YARIS","Regular","1"
607,"RENOLUT/LOGAN","Regular","1"
608,"CHEV/ONIX PLUS","Regular","1"
609,"CHEV COBALT","Regular","1"
610,"VW VOYAGE","Regular","1"
611,"TOYOTA/YARIS SD","Regular","1"
612,"CHEVROLET/; COB","Regular","1"
613,"","Irregular","1"
614,"FORD/ KA","Regular","1"
615,"GM/CLASSIC LS","Regular","1"
616,"VW/VIRTUS SENSE","Regular","1"
617,"TOYOTA/ETIOS","Regular","1"
618,"CHEV/COBALT 1.8","Regular","1"
619,"FIAT/SIENA","Regular","1"
620,"CHEV / COBALT","Regular","1"
621,"FORD/KA","Regular","1"
622,"CHEV/CLASSIC","Regular","1"
623,"NISSAN/MARCH","Regular","1"
624,"TOYOTA/CROSS","Regular","1"
625,"VW/VIRTUS","Regular","1"
626,"FIAT/CRONOS","Regular","1"
627,"FIAT/DOBLO","Regular","1"
628,"CHEV/SPIN","Regular","1"
629,"CHEV/SPIN","Regular","1"
630,"FIAT/SIENA","Regular","1"
631,"","Irregular","1"
632,"VW/VIRTUS","Regular","1"
633,"ETIOS SD XLS1,5","Regular","1"
634,"CHEV/SPIN 1.8","Regular","1"
635,"FIAT DOBLO","Regular","1"
636,"FIAT/ FASTBACK","Regular","1"
637,"SPIN","Irregular","1"
638,"CHEV/TRACKER","Regular","1"
639,"FIAT CRONOS","Irregular","1"
640,"CHEV/SPIN 1.8","Regular","1"
641,"VW/ VOYAGE","Regular","1"
642,"CHEV/SPIN","Regular","1"
643,"TOYOTA","Regular","1"
644,"CHEV/ONIX PLUS","Regular","1"
645,"FIAT/SIENA","Regular","1"
646,"GM/COBALT","Regular","1"
647,"CHEV PRISMA","Regular","1"
648,"FIAT/DOBLO","Regular","1"
649,"NISSAN KICKS","Regular","1"
650,"RENAULT / LOGAN","Regular","1"
651,"VW/VIRTUS SENSE","Regular","1"
652,"HB20 HYUNDAI","Regular","1"
653,"CHEV PRISMA","Regular","1"
654,"CHEV/PRISMA","Regular","1"
655,"DOBLO ESSENCE","Regular","1"
656,"CHEV/CLASSIC","Irregular","1"
657,"CHEV COBALT","Regular","1"
658,"FORD/ FIETA","Regular","1"
659,"CHEV CLASSIC","Irregular","1"
660,"CHEV SPIN","Regular","1"
661,"GM/COBALT","Irregular","1"
662,"TOYOTA/CCROSS","Regular","1"
663,"FIAT SIENA","Irregular","1"
664,"CHEV/ONIX","Regular","1"
665,"FIAT \ IDEA","Regular","1"
666,"CHEV/SPIN","Regular","1"
667,"RENAULT/ DUSTER","Regular","1"
668,"CHEV/CLASSIC","Regular","1"
669,"FORD/KA SE 1.5","Regular","1"
670,"VW/VIRTUS MB","Regular","1"
671,"ONIX PLUS","Regular","1"
672,"VW/GOL","Regular","1"
673,"FORD/KA","Regular","1"
674,"FORD KA","Regular","1"
675,"FIATPALIO WEEK","Regular","1"
676,"CHEV/ ONIX PLUS","Regular","1"
677,"CHEV/TRACKER","Regular","1"
678,"HYUNDAY/HB20","Regular","1"
679,"HONDA/HR-V","Regular","1"
680,"","Irregular","1"
681,"FORD/ KA","Regular","1"
682,"FIAT/SIENA 1.4","Regular","1"
683,"CITROEN/C3","Regular","1"
684,"VW/VIRTUS AB","Regular","1"
685,"TOYOTA/CCROSS","Regular","1"
686,"GM/SPIN 1.8","Regular","1"
687,"CHEV/ONIX","Regular","1"
688,"","Regular","1"
689,"CHERY QQ","Irregular","1"
690,"FIAT SIENA","Regular","1"
691,"RENPULT/DUSTER","Regular","1"
692,"FIAT SIENA","Irregular","1"
693,"CHEV/ONIX","Regular","1"
694,"FIAT/SIENA","Regular","1"
695,"CHEV/PRISMA","Regular","1"
696,"VW/POLO","Regular","1"
697,"CHEV/TRACKER","Regular","1"
698,"TOYOTA/ALTIS","Regular","1"
699,"CHEV SPIN","Irregular","1"
700,"ONIX / PLUS","Regular","1"
701,"CHEV/COBALT","Regular","1"
702,"NISSAN/KICKS","Regular","1"
703,"VW/VIRTUS CL","Regular","1"
704,"VW/FOX","Irregular","1"
705,"CHEV CLASSIC","Regular","1"
706,"VW/VOYAGE","Irregular","1"
707,"FIAT/SIENA","Regular","1"
708,"VW/VOYAGE 1.6","Regular","1"
709,"CHEV/SPIN","Irregular","1"
710,"FIAT/PALIO","Regular","1"
711,"NISSAN VERSA","Regular","1"
712,"FIAT UNO WAY .","Regular","1"
713,"VW/POLO","Regular","1"
714,"VOYAGE 1.6","Regular","1"
715,"FIAT CRONOS","Regular","1"
716,"VW/VIRTUS SENSE","Regular","1"
717,"CHEV/PRISMA","Regular","1"
718,"CHEV/ONIX","Regular","1"
719,"TOYOTA/YARIS","Regular","1"
720,"HYUNDAI/HB20","Regular","1"
721,"CHEV/SPIN","Regular","1"
722,"GM/ CLASSIC LS","Regular","1"
723,"FIAT/SIENA","Irregular","1"
724,"FIAT/ SIENA 1.4","Regular","1"
725,"VW/VIRTUS AF","Irregular","1"
726,"CHEV/ TRACHER","Regular","1"
727,"CHEV/PRISMA","Regular","1"
728,"VW / POLO TRACK","Regular","1"
729,"RENAULT/CAPTUR","Regular","1"
730,"UNO MILLE","Regular","1"
731,"FIAT/SIENA 1.4","Regular","1"
732,"VOYAGE 1,6 CITY","Regular","1"
733,"CORSA SEDAN","Regular","1"
734,"CHEV PRISMA","Regular","1"
735,"CHERY","Regular","1"
736,"VW/POLO TRACK","Regular","1"
737,"FIAT SIENA 1.4","Regular","1"
738,"FIAT/PALIO","Irregular","1"
739,"FIAT SIENA","Irregular","1"
740,"VW/VIRTUS","Regular","1"
741,"FIAT/SIENA","Regular","1"
742,"FIAT/SIENA","Regular","1"
743,"","Regular","1"
744,"FIAT/CRONOS","Regular","1"
745,"CHEV/SPIN","Regular","1"
746,"FIAT CRONO","Regular","1"
747,"CLASSIC LS","Regular","1"
748,"CHEV PRISMA","Regular","1"
749,"HONDA/HRV","Regular","1"
750,"CHEV/PRISMA","Irregular","1"
751,"VW/POLO","Regular","1"
752,"VW/POLO","Irregular","1"
753,"CHEV/CLASSIC","Irregular","1"
754,"GM/PRISMA","Regular","1"
755,"TOYOTA/COROLLA","Regular","1"
756,"CHEV/TRANCKER","Irregular","1"
757,"VW/VOYAGE","Regular","1"
758,"TOYOTA/COROLLA","Regular","1"
759,"FIAT SIENA","Irregular","1"
760,"RENAULT/SANDERO","Regular","1"
761,"CHEV SPIN","Regular","1"
762,"VW/ VIRTUS","Regular","1"
763,"CHEV/COBAL","Regular","1"
764,"VW SPACE FOX","Regular","1"
765,"CHEV/ ONIX","Regular","1"
766,"SIENA ESSENCE","Regular","1"
767,"VW / NOVO FOX","Regular","1"
768,"FORD/KA SE 1.0","Irregular","1"
769,"FIAT/SIENA","Irregular","1"
770,"CHEV/ONIX","Regular","1"
771,"FORD/KA","Regular","1"
772,"CHEV/COBALT","Regular","1"
773,"VW/VIRTUS AB","Regular","1"
774,"GM CLASSIC","Regular","1"
775,"HYUNDAI/CRETA","Regular","1"
776,"COROLLA/ CROSS","Regular","1"
777,"VW/T CROSS","Regular","1"
778,"CHEV/ SPIN","Regular","1"
779,"FIAT/SIENA","Regular","1"
780,"FIAT/SIENA","Regular","1"
781,"CHEV/SPIN","Regular","1"
782,"HYUNDAI NEW CRE","Regular","1"
783,"GM/CORSA","Regular","1"
784,"TOYOTA/COROLLA","Regular","1"
785,"NISSAN KICKS","Regular","1"
786,"FIAT /SIENA","Regular","1"
787,"VW/VIRTUS","Regular","1"
788,"FIAT SIENA","Regular","1"
789,"FIAT SIENA","Regular","1"
790,"FIAT PALIO","Irregular","1"
791,"CHEV/TRACKER","Irregular","1"
792,"CHV/TRACKER","Regular","1"
793,"RENAULT/ LOGAN","Regular","1"
794,"CHEV/CLASSIC","Regular","1"
795,"CHEV/SPIN","Regular","1"
796,"TOYOTA/CCROSS","Regular","1"
797,"VW/VIRTUS","Regular","1"
798,"NISSAN/KICKS","Regular","1"
799,"TOYOTA/COROLLA","Irregular","1"
800,"","Regular","1"
801,"FIAT/SIENA","Regular","1"
802,"FIAT/SIENA","Regular","1"
803,"TOYOTA/CCROSS","Regular","1"
804,"CHV/COBALT","Regular","1"
805,"FIAT/ SIENA","Regular","1"
806,"CHEV/COBALT","Regular","1"
807,"RENAULT","Regular","1"
808,"VW/ VIRTUS","Regular","1"
809,"VW/FOX","Regular","1"
810,"TOYOTA/COROLLA","Regular","1"
811,"CLASSIC LS","Regular","1"
812,"CHEV/ONIX","Regular","1"
813,"HYUNDAI/CRETA","Regular","1"
814,"FIAT/SIENA","Regular","1"
815,"RENALT/LOGAN","Regular","1"
816,"CHEV/PRISMA","Irregular","1"
817,"FIAT/ CRONOS","Regular","1"
818,"VW/VIRTUS SENSE","Regular","1"
819,"TOYOTA/ETIOS SD","Regular","1"
820,"RENAULT/FLUENCE","Regular","1"
821,"CHEV/ONIX","Regular","1"
822,"VW/VIRTUS","Regular","1"
823,"","Irregular","1"
824,"CRONOS DRIVE","Regular","1"
825,"CHEV/ONIX","Regular","1"
826,"FIAT/SIENA","Regular","1"
827,"CHEV/COBALT","Regular","1"
828,"FORD/KA","Irregular","1"
829,"CHEV/TRACKER","Regular","1"
830,"VW/VOYAGE","Regular","1"
831,"SIENA/SIENA","Regular","1"
832,"NISSAN/KICKS","Regular","1"
833,"VW/ GOL","Irregular","1"
834,"FIAT/SIENA 1.4","Regular","1"
835,"FIAT/CRONOS","Regular","1"
836,"VW/VIRTUS","Regular","1"
837,"VW/VOYAGE","Regular","1"
838,"CHEV/TRACKER","Regular","1"
839,"COBALT 1.8 LT","Regular","1"
840,"RENAULT/LOGAN","Regular","1"
841,"RENALT/ KWID","Regular","1"
842,"VW/ VIRTUS","Regular","1"
843,"CLASSIC","Regular","1"
844,"FORD/KA","Regular","1"
845,"CHV / CLASSIC","Irregular","1"
846,"TOYOTA/YARIS","Regular","1"
847,"JEEP/COMPASS","Regular","1"
848,"COROLLA XEI20FL","Irregular","1"
849,"FIAT DOBLO","Irregular","1"
850,"CHEV/ONIX PLUS","Regular","1"
851,"FORD KA SE","Regular","1"
852,"CHEV/ONIX","Regular","1"
853,"FIAT/SIENA","Irregular","1"
855,"CHEV/TRACKER","Regular","1"
856,"CHEV/COBALT","Regular","1"
857,"FIAT/CRONOS","Regular","1"
858,"CHEV PRISMA","Regular","1"
859,"CHEV/ONIX PLUS","Regular","1"
860,"CHEV/SPIN","Regular","1"
861,"","Irregular","1"
862,"FORD / KA","Regular","1"
863,"CHEV/ONIX","Regular","1"
864,"CHEV/TRACKER","Regular","1"
865,"CHEV ONIX 10TAT","Regular","1"
866,"CHEV PRISMA","Regular","1"
867,"CHEV/ONIX","Regular","1"
868,"CITROEN/BASALT","Regular","1"
869,"CHEV / PRISMA","Regular","1"
870,"FORD/FIESTA","Regular","1"
871,"FIAT FASTBACK","Regular","1"
872,"FIAT/SIENA","Regular","1"
873,"VW/FOX","Regular","1"
874,"FIAT/SIENA","Regular","1"
875,"VW/VOYAGE 1.6","Irregular","1"
876,"NISSAN/KICKS","Regular","1"
877,"RENAULT/ DUSTER","Regular","1"
878,"CHEV/TRACKER","Regular","1"
879,"CHEV /SPIN","Regular","1"
880,"NISSAN/KICKS","Regular","1"
881,"CHEV/ONIX","Regular","1"
882,"CHEV/ONIX PLUS","Regular","1"
883,"FIAT/SIENA","Regular","1"
884,"FIAT/DOBLO 1.4","Regular","1"
885,"CLASSSIC","Regular","1"
886,"ONIX PLUS","Regular","1"
887,"TOYOTA/CCROSS","Regular","1"
888,"FIAT/DOBLO","Regular","1"
889,"TOYOTA/COROLLA","Regular","1"
890,"GM/MERIVA JOY","Regular","1"
891,"ONIX PLUS","Regular","1"
892,"RENALT KWID","Regular","1"
893,"VW/POLO MB","Regular","1"
894,"VW/UP","Regular","1"
895,"COROLLA CROSS X","Regular","1"
896,"COROLLA XEI","Regular","1"
897,"FIAT / IDEIA","Regular","1"
898,"CHEV/ONIX","Irregular","1"
899,"CHEV/PRISMA","Regular","1"
900,"CH/CLASSIC","Regular","1"
901,"FIAT/ SIENA","Regular","1"
902,"VW/VIRTUS","Regular","1"
903,"CHEV COBALT","Regular","1"
904,"CHEV/SPIN 1.8","Regular","1"
905,"CHEV/ONIX PLUS","Regular","1"
906,"FIAT SIENA","Regular","1"
907,"CHEV/PRISMA","Regular","1"
908,"FIAT/CRONOS","Regular","1"
909,"CHEV/SPIN","Regular","1"
910,"FIAT/SIENA","Regular","1"
911,"VW/POLO","Regular","1"
912,"FIAT UNO WAY","Regular","1"
913,"TOYOTA/ YARIS","Regular","1"
914,"CHEV / COBALT","Irregular","1"
915,"BYD/KIG GS","Regular","1"
916,"CHEV/ SPIN","Regular","1"
917,"CHEV/ SPIN","Regular","1"
918,"FIAT/CRONOS","Regular","1"
919,"FIAT DOBLO","Regular","1"
920,"VW VOYAGE","Irregular","1"
921,"COROLLA CROSS","Regular","1"
922,"TOYOTA/COROLLA","Regular","1"
923,"FIAT/ MOBI LIKE","Regular","1"
924,"CHEV SPIN","Regular","1"
925,"CHEV/SPIN","Regular","1"
926,"VW / VIRTUS HL","Regular","1"
927,"RENOULT/LOGAN","Regular","1"
928,"CHEV/ONIX PLUS","Regular","1"
929,"VW/NIVUS HL","Regular","1"
930,"TOYOTA/YARIS","Regular","1"
931,"COROLLA/CROSS","Regular","1"
932,"CHEV/CLASSIC","Irregular","1"
933,"CHEV/PRISMA 1.0","Regular","1"
934,"CHERY TIGGO 1.5","Regular","1"
935,"SPIN 1.8 LTZ","Regular","1"
936,"VW/POLO SENSE","Regular","1"
937,"VW/NOVO FOX","Regular","1"
938,"VW/POLO TRACK","Regular","1"
939,"HYUDAI/CRETA","Irregular","1"
940,"TOYOTA/CCROSS","Regular","1"
941,"","Irregular","1"
942,"VW/GOL","Irregular","1"
943,"TOYTA/YARIS","Regular","1"
944,"CLASSIC LS","Regular","1"
945,"CHEV/TRACKER","Regular","1"
946,"CHEV / COBALT","Regular","1"
947,"TOYOTA/COROLLA","Regular","1"
948,"VW/VIRTUS","Regular","1"
949,"CHEV/COBALT","Regular","1"
950,"VW/ GOL","Regular","1"
951,"CHEV/PRISMA","Regular","1"
952,"CHEVL/ONIX","Regular","1"
953,"CHEV/ONIX","Irregular","1"
954,"HYUNDAI/HB20","Regular","1"
955,"FIAT/SIENA","Regular","1"
956,"I/FIAT CRONOS","Regular","1"
957,"FIAT/DOBLO","Regular","1"
958,"VW/NOVO VOYAGE","Regular","1"
959,"FOX EXTREME","Regular","1"
960,"TOYOTA/YARIS","Regular","1"
961,"TOYOTA/CCROSS","Regular","1"
962,"VW/VIRTUS","Regular","1"
963,"CHEV/ ONIX","Regular","1"
964,"CHEV/SPIN","Regular","1"
965,"BYD DOLPHIN","Regular","1"
966,"CHEV PRISMA","Regular","1"
967,"GM CORSA SEDAN","Regular","1"
968,"VW/VIRTUS","Regular","1"
969,"CHEV/ONIX PLUS","Regular","1"
970,"CHEV/PRISMA","Regular","1"
971,"HONDA /CITY","Regular","1"
972,"CHEV / CLASSIC","Irregular","1"
973,"CHEV/ONIX","Regular","1"
974,"DOBLO 1.4","Regular","1"
975,"CHEV/ CLASSIC","Regular","1"
976,"T-CROSS TSI","Regular","1"
977,"ONIX PLUS","Regular","1"
978,"ONIX PLUS","Regular","1"
979,"FIAT/CRONOS","Regular","1"
980,"FIAT/ DOBLO","Irregular","1"
981,"TOYOTA/CCROSS","Regular","1"
982,"CORSA/CLASSIC","Irregular","1"
983,"CHEV/ SPIN","Regular","1"
984,"VW/VIRTUS","Regular","1"
985,"CHEV PRISMA","Regular","1"
986,"FIAT/UNO","Regular","1"
987,"GM/SPIN","Irregular","1"
988,"CHEV CLASSIC","Regular","1"
989,"TOYOTA/COROLLA","Regular","1"
990,"CHEV/TRACKER","Regular","1"
991,"FIAT/SIENA","Regular","1"
992,"CORSA SEDAN","Irregular","1"
993,"CHEV/COBALT","Regular","1"
994,"TOYOTA YARIS","Regular","1"
995,"RENALT/SANDERO","Irregular","1"
996,"","Irregular","1"
997,"FIAT/SIENA","Regular","1"
998,"POLO","Regular","1"
999,"NISSAN KICKS","Regular","1"
1000,"CH/SPIN 1.8L","Regular","1"
1001,"CHEV SPIN","Regular","1"
1002,"RENAULT LOGAN","Irregular","1"
1003,"VW/VIRTUS SENSE","Regular","1"
1004,"VW/FORD","Regular","1"
1005,"FIAT CRONOS","Regular","1"
1006,"CHEV/TRACKER","Regular","1"
1007,"","Regular","1"
1008,"CHEV PRISMA","Regular","1"
1009,"CLASSIC","Regular","1"
1010,"VW/NIVUS HL","Regular","1"
1011,"FIAT/SIENA","Regular","1"
1012,"TOYOTA ETIOS","Irregular","1"
1013,"VW/VOYAGE","Regular","1"
1014,"CHEV SPIN","Regular","1"
1015,"VW/POLO/TRACK","Regular","1"
1016,"HYUNDAI/HB20","Irregular","1"
1017,"VW/VIRTUS CL","Regular","1"
1018,"CHEV/ONIX","Regular","1"
1019,"VW/VIRTUS","Regular","1"
1020,"VW/VIRTUS","Regular","1"
1021,"CHEV/SPIN","Regular","1"
1022,"CHEV/PRISMA","Regular","1"
1023,"CHEVONIX","Irregular","1"
1024,"CHEV/SPIN","Regular","1"
1025,"TOYOTA/ COROLLA","Regular","1"
1026,"CHEV/COBAL","Irregular","1"
1027,"CHEV SPIN 18L","Irregular","1"
1028,"FIAT/SIENA","Regular","1"
1029,"GM/PRISMA","Regular","1"
1030,"TOYOTA/COROLLA","Regular","1"
1031,"FIAT/CRONOS","Regular","1"
1032,"CHEV/CORSA","Irregular","1"
1033,"FIAT/SIENA","Regular","1"
1034,"BASALT/SHINE","Regular","1"
1035,"RENAULT/LOGAN","Regular","1"
1036,"CHEV/PRISMA","Regular","1"
1037,"VW/VOYAGE","Regular","1"
1038,"CHEV COBALT","Regular","1"
1039,"","Irregular","1"
1040,"FIAT/MOBI","Regular","1"
1041,"VW/VIRTUS","Regular","1"
1042,"","Regular","1"
1043,"CHEV / ONIX","Regular","1"
1044,"FIAT UNO","Regular","1"
1045,"TOYOTA/CCROSS","Regular","1"
1046,"FORD/KA SE","Regular","1"
1047,"CHEV/SPIN 1.8","Regular","1"
1048,"VW/VOYAGE","Regular","1"
1049,"FIAT/SIENA","Regular","1"
1050,"COROLLA/CROSS","Regular","1"
1051,"CHEV/TRACKER","Regular","1"
1052,"FIAT/CRONOS","Regular","1"
1053,"COROLLA/CROSS","Irregular","1"
1054,"VOYAGE","Irregular","1"
1055,"RENAULT/DUSTER","Regular","1"
1056,"","Regular","1"
1057,"VW/CROSS","Regular","1"
1058,"HYUNDAI","Regular","1"
1059,"CHEV/CLASIC","Regular","1"
1060,"VW/NOVO FOX CL","Irregular","1"
1061,"VW/VIRTUS","Regular","1"
1062,"GM/CORSA","Irregular","1"
1063,"TOYOTA   YARIS","Regular","1"
1064,"JEEP/RENEGADE","Regular","1"
1065,"CHEV/ONIX PLUS","Irregular","1"
1066,"FIAT/SIENA","Regular","1"
1067,"TOYOTA/CROSS","Regular","1"
1068,"CHEV/ ONIX","Regular","1"
1069,"FIAT/SIENA","Regular","1"
1070,"RENAULT/DUTER","Regular","1"
1071,"CHEV/COBRALT","Regular","1"
1072,"","Regular","1"
1073,"RENAULT/SANDERO","Regular","1"
1074,"GM/CLASSIC LS","Regular","1"
1075,"FORD/FOCUS SE","Regular","1"
1076,"FIAT/SIENA","Regular","1"
1077,"I/VW/TAOS HL TS","Regular","1"
1078,"CHEV/CLASSIC LS","Regular","1"
1079,"NISSAN/KICKS","Regular","1"
1080,"CHEV/SPIN","Regular","1"
1081,"FIAT/PULSE","Regular","1"
1082,"CHE/CLASSIC","Regular","1"
1083,"TOYOTA/COROLLA","Regular","1"
1084,"VOYAGE 1.0","Irregular","1"
1085,"VW FOX","Regular","1"
1086,"VW/VOYAGE","Regular","1"
1087,"COROLLA XEI","Regular","1"
1088,"RENAULT/DUSTER","Regular","1"
1089,"FIAT/DOBLO","Regular","1"
1090,"CHEV/ONIX","Regular","1"
1091,"TOYOTA/CCROSS","Regular","1"
1092,"HYUNDAI/HB20S","Regular","1"
1093,"VW/VOYAGE","Regular","1"
1094,"HYUNDAI","Regular","1"
1095,"JEEP/COMPASS","Regular","1"
1096,"FIAT/CRONOS","Regular","1"
1097,"RENAULT/LOGAN","Regular","1"
1098,"VW/VIRTUS SENSE","Regular","1"
1099,"CHEV/ONIX","Regular","1"
1100,"CHEV/SPIN 1.8","Irregular","1"
1101,"FIAT / SIENA","Regular","1"
1102,"FIAT/PULSE","Regular","1"
1103,"CHEV/TRACKER","Irregular","1"
1104,"CHEV/ONIX PLUS","Regular","1"
1105,"CHEV/SPIN","Regular","1"
1106,"CHEV/TRACKER","Regular","1"
1107,"NISSAN/KICKS","Irregular","1"
1108,"VW/POLO TRACK","Regular","1"
1109,"VW/VIRTUS SENSE","Regular","1"
1110,"VW/POLO TRACK M","Regular","1"
1111,"VW/VIRTUS","Regular","1"
1112,"","Regular","1"
1113,"CHEV/SPIN","Regular","1"
1114,"HONDA/CIVIC EXL","Regular","1"
1115,"TOYOTA/ETIOS","Irregular","1"
1116,"CHEV / PRISMA","Regular","1"
1117,"CHE/ONIX PLUS","Regular","1"
1118,"FIAT/CRONOS","Regular","1"
1119,"FIAT / CRONOS","Regular","1"
1120,"GM/ CLASSIC LS","Regular","1"
1121,"FIAT CRONOS","Regular","1"
1122,"FIAT/SIENA","Regular","1"
1123,"TOYOTA CROSS XR","Regular","1"
1124,"CHEV/OMIX","Regular","1"
1125,"FIAT/CRONOS 1.3","Regular","1"
1126,"GM/CLASSIC","Regular","1"
1127,"VW/VOYAGE","Regular","1"
1128,"CHEV-SPIN","Regular","1"
1129,"CHEV/ CLASSIC","Regular","1"
1130,"FIAT/CRONOS","Regular","1"
1131,"CHEV PRISMA","Regular","1"
1132,"FIAT/CRONOS","Regular","1"
1133,"CHEV/SPIN 18L A","Regular","1"
1134,"FIAT/WEEKEND","Regular","1"
1135,"VW VOYAGE","Regular","1"
1136,"CHEV/ COBALT","Regular","1"
1137,"FIAT/CRONOS","Irregular","1"
1138,"VW/GOL","Regular","1"
1139,"TOYOTA/COROLLA","Irregular","1"
1140,"CHEV/ONIX","Regular","1"
1141,"CHEV COBALT","Irregular","1"
1142,"CHEV/SPIN","Regular","1"
1143,"FIAT/SIENA 1.4","Irregular","1"
1144,"VW/VIRTUS","Regular","1"
1145,"TOYOTA/COROLLA","Regular","1"
1146,"VW/VIRTUS SENSE","Regular","1"
1147,"HONDA/TOURIG","Regular","1"
1148,"FIAT/UNO","Regular","1"
1149,"CHEV/ONIX","Regular","1"
1150,"CHEV ONIX PLUS","Regular","1"
1151,"FIAT/SIENA","Regular","1"
1152,"CHEV/PRISMA","Regular","1"
1153,"CHEV/PRISMA","Regular","1"
1154,"TOYOTA ETIOS","Regular","1"
1155,"CHEV/COBALT 1.8","Regular","1"
1156,"CITROEN/C3","Regular","1"
1157,"FORD/KA","Regular","1"
1158,"FIAT/SIENA","Regular","1"
1159,"COROLLA XEI","Regular","1"
1160,"SIENA TETRAFUEL","Irregular","1"
1161,"TOYOTA/YARIS","Regular","1"
1162,"VW/VIRTUS","Regular","1"
1163,"CLASSIC LS","Regular","1"
1164,"CHERY TIGGO","Irregular","1"
1165,"TOYOTA/COROLLA","Regular","1"
1166,"VW NOVO VOYAGE","Regular","1"
1167,"FIAT/SIENA","Irregular","1"
1168,"CHEV/SPIN","Regular","1"
1169,"FIAT/ SIENA 1.4","Regular","1"
1170,"CHEVROLET/ONIX","Regular","1"
1171,"FIAT SIENA","Regular","1"
1172,"FIAT/SIENA","Regular","1"
1173,"VW/POLO TRACK M","Regular","1"
1174,"","Regular","1"
1175,"CHEV TRACKER","Regular","1"
1176,"VW/POLO TRACK","Regular","1"
1177,"NISSAN KICKS","Regular","1"
1178,"VW/VIRTUS","Regular","1"
1179,"VW/POLO","Irregular","1"
1180,"CHEV/COBALT","Regular","1"
1181,"VW VOYAGE","Regular","1"
1182,"CLASSIC LS","Regular","1"
1183,"FIAT/ SIENA 1.6","Irregular","1"
1184,"COROLLA/CCROSS","Regular","1"
1185,"TOYOTA/CCROSS","Regular","1"
1186,"FIAT UNO","Regular","1"
1187,"CHEV/SPIN","Regular","1"
1188,"CHEV/TRAKER","Regular","1"
1189,"FORD/FIESTA","Regular","1"
1190,"FIAT DOBLO","Regular","1"
1191,"VW /POLO","Regular","1"
1192,"TOYOTA/CCROSS","Regular","1"
1193,"VERSA/V16","Regular","1"
1194,"CHEV/TRACKER","Irregular","1"
1195,"GM/CORSA","Regular","1"
1196,"NOVO LOGAN","Regular","1"
1197,"FIAT/ SIENA 1.4","Regular","1"
1198,"CHEV/ONIX","Regular","1"
1199,"CHEV CLASSIC","Regular","1"
1200,"CHEV SPIN","Regular","1"
1201,"RENOULT/KWID","Regular","1"
1202,"CHEV /PRISMA","Regular","1"
1203,"VW/VIRTUS SENSE","Regular","1"
1204,"VW/T CROSS","Regular","1"
1205,"FIAT CRONOS","Regular","1"
1206,"TOYOTA YARIS","Regular","1"
1207,"CHEV/TRACKER","Regular","1"
1208,"CHEV/SPIN","Regular","1"
1209,"FIAT/SIENA","Regular","1"
1210,"CHEV/ ONIX PLUS","Regular","1"
1211,"LOGAN","Regular","1"
1212,"FORD / KA","Regular","1"
1213,"FORD KA","Regular","1"
1214,"NISSAN/SENTRA","Regular","1"
1215,"VW/VIRTUS","Regular","1"
1216,"FIAT/SIENA EL","Regular","1"
1217,"CHEV/ONIX","Regular","1"
1218,"CHEV/SPIN","Regular","1"
1219,"CHEV/ONIX","Irregular","1"
1220,"RENAULT/CAPTUR","Regular","1"
1221,"GM/PRISMA","Regular","1"
1222,"CHEV PRISMA","Regular","1"
1223,"VW/VIRTUS","Irregular","1"
1224,"VW/NOVO GOL","Irregular","1"
1225,"YARIS TOYOTA","Regular","1"
1226,"CHERRY/QQ","Regular","1"
1227,"VW FOX","Regular","1"
1228,"NISSAN VERSA","Regular","1"
1229,"CH/PRISMA 1.4","Irregular","1"
1230,"TOYOTA/COROLLA","Regular","1"
1231,"RENAULT/SANDERO","Regular","1"
1232,"VW/POLO","Irregular","1"
1233,"CLASSIC LS","Regular","1"
1234,"FIAT SIENA","Irregular","1"
1235,"FIAT SIENA","Regular","1"
1236,"VW/VOYAGE","Regular","1"
1237,"FIAT/DOBLO","Regular","1"
1238,"TOYOTA/COROLLA","Regular","1"
1239,"VW/VOYAGE","Irregular","1"
1240,"VW POLO SEDAN","Regular","1"
1241,"CHEV/ONIX","Regular","1"
1242,"","Irregular","1"
1243,"FIAT/SIENA","Regular","1"
1244,"VW/VOYAGE","Regular","1"
1245,"FIAT SIENA","Regular","1"
1246,"CHEV/COBALT 1.4","Regular","1"
1247,"GM/CLASSIC","Regular","1"
1248,"CHEV/TRACKER","Regular","1"
1249,"FIAT/ SIENA","Regular","1"
1250,"CHEV COBALT","Regular","1"
1251,"VW/VIRTUS SENSE","Regular","1"
1252,"VOYAGE","Irregular","1"
1253,"CHEV/SPIN 1.8","Regular","1"
1254,"VW/ VIRTUS","Irregular","1"
1255,"FIAT/CRONOS","Regular","1"
1256,"FORD KA","Regular","1"
1257,"CITROEN/BASALT","Regular","1"
1258,"CHEV/ONIX PLUS","Regular","1"
1259,"VW/VOYAGE","Regular","1"
1260,"CH/CLASSIC","Irregular","1"
1261,"CHEV/ONIX PLUS","Regular","1"
1262,"CHEV/ CLASSIC","Regular","1"
1263,"NISSAN/KCS K16","Regular","1"
1264,"CHEV/SPIN","Irregular","1"
1265,"VW/NIVUS CL","Regular","1"
1266,"CHEV PRISMA","Regular","1"
1267,"FIAT/SIENA","Regular","1"
1268,"CHEV/SPIN 1.8","Regular","1"
1269,"NOVO VOYAGE","Irregular","1"
1270,"CHEV/MONTANA","Regular","1"
1271,"VW/VIRTUS","Regular","1"
1272,"FIAT/UNO 1.0","Regular","1"
1273,"FIAT/CRONOS 1.3","Regular","1"
1274,"VOYAGE","Regular","1"
1275,"ETIOS","Regular","1"
1276,"FIAT/SIENA","Regular","1"
1277,"CHEV/ONIX PLUS","Regular","1"
1278,"RENAULT/DUSTER","Regular","1"
1279,"SPIN 1.8","Regular","1"
1280,"VW/VOYAGE","Regular","1"
1281,"BYD/DOLPHIN GS","Regular","1"
1282,"GM/CLASSIC","Irregular","1"
1283,"FIAT/CRONOS","Regular","1"
1284,"RENAQULT/LOGAN","Regular","1"
1285,"LOGAN/RENAULT","Regular","1"
1286,"RENOULT","Regular","1"
1287,"HYUNDAI/N HB20","Regular","1"
1288,"FIAT/CRONOS","Regular","1"
1289,"DOBLO","Regular","1"
1290,"RENAULT/LOGAN","Regular","1"
1291,"CHEV/SPIN","Regular","1"
1292,"HONDA/HR-V","Irregular","1"
1293,"CHEV/CLASSIC","Regular","1"
1294," CORSA SEDAN","Irregular","1"
1295,"CHEV/SPIN","Regular","1"
1296,"FIAT/SIENA T.","Regular","1"
1297,"FIAT CRONOS","Regular","1"
1298,"","Irregular","1"
1299,"VW/POLO","Regular","1"
1300,"CHEV/TRACKER","Regular","1"
1301,"CHEV/ONIX","Regular","1"
1302,"FIAT/CRONOS","Regular","1"
1303,"CHEV/SPIN","Regular","1"
1304,"GM SPIN","Regular","1"
1305,"FIAT/PULSE","Regular","1"
1306,"","Irregular","1"
1307,"CHEV/ONIX","Regular","1"
1308,"COBALT","Irregular","1"
1309,"CHEV SPIN","Regular","1"
1310,"FIAT/SIENA EL","Regular","1"
1311,"FIAT CRONOS","Regular","1"
1312,"CHEV/CLASSIC","Irregular","1"
1313,"CHEV/ONIX","Regular","1"
1314,"CHEV ONIX PLUS","Regular","1"
1315,"CHEV/ONIX","Regular","1"
1316,"CITROEN/C3 LIVE","Regular","1"
1317,"CHEV/ONIX","Regular","1"
1318,"CHEV ONIX PLUS","Regular","1"
1319,"CHEV/PRISMA 1.4","Regular","1"
1320,"FIAT / CRONOS","Regular","1"
1321,"VW/VIRTUS","Regular","1"
1322,"FORD KA","Regular","1"
1323,"FIAT/SIENA","Regular","1"
1324,"VW/VOYAGE","Regular","1"
1325,"FIAT/CRONOS","Regular","1"
1326,"TOYOTA/COROLLA","Regular","1"
1327,"CHEV/SPIN","Regular","1"
1328,"CHEV/SPIN 1.8","Regular","1"
1329,"FIAT/PALIO","Regular","1"
1330,"FIAT/PULSE","Regular","1"
1331,"FIAT/SIENA","Regular","1"
1332,"CORSA/SEDAN","Irregular","1"
1333,"CHEV/COBALT","Irregular","1"
1334,"CHEV/TRACKER","Regular","1"
1335,"FIAT/SIENA","Regular","1"
1336,"FIAT/SIENA","Regular","1"
1337,"TOYOTA/COROLLA","Regular","1"
1338,"CHEV/SPIN","Regular","1"
1339,"FIAT/SIENA","Regular","1"
1340,"VW/VIRTUS","Regular","1"
1341,"TOYOTA/YARIS","Regular","1"
1342,"FIAT/SIENA","Regular","1"
1343,"CHEV ONIX","Regular","1"
1344,"CHEV PRISMA","Regular","1"
1345,"VW POLO HL AB","Regular","1"
1346,"CAOA TIGGO","Regular","1"
1347,"FIAT/SIENA","Irregular","1"
1348,"FIAT/IDEA","Regular","1"
1349,"CLASSIC","Regular","1"
1350,"TOYOTA/XEI","Regular","1"
1351,"TRACKER","Regular","1"
1352,"NISSAN//KICKS","Regular","1"
1353,"FIAT/ARGO","Irregular","1"
1354,"CHEV/SPIN","Regular","1"
1355,"FIAT SIENA","Regular","1"
1356,"FIAT/MILLE","Irregular","1"
1357,"","Regular","1"
1358,"ONIX PLUS","Regular","1"
1359,"RENAULT/LOGAN","Irregular","1"
1360,"FIAT SIENA","Irregular","1"
1361,"VW/VOYAGE","Regular","1"
1362,"CHEV/ONIX","Regular","1"
1363,"GM/CLASSIC LS","Irregular","1"
1364,"CHEV PRISMA","Regular","1"
1365,"CHEV/TRACKER","Irregular","1"
1366,"CHEV/ONIX JOY","Regular","1"
1367,"CHEV/ONIX PLUS","Regular","1"
1368,"FIAT SIENA","Irregular","1"
1369,"","Irregular","1"
1370,"FIAT/SIENA","Irregular","1"
1371,"CHEV/CLASSIC","Irregular","1"
1372,"FIAT/CRONOS","Regular","1"
1373,"RENAULT/FLUENCE","Regular","1"
1374,"NOVO VOYAGE","Regular","1"
1375,"FIAT/PULSE","Regular","1"
1376,"VW VOYAGE","Regular","1"
1377,"FASTBACK/INPETU","Regular","1"
1378,"CHEV / CLASSIC","Irregular","1"
1379,"VOLKSWAGEN","Regular","1"
1380,"TOYOTA/ YARIS","Regular","1"
1381,"CHEV PRISMA","Regular","1"
1382,"NISSAN/VERSA","Regular","1"
1383,"","Irregular","1"
1384,"CHEV CLASIC","Irregular","1"
1385,"CHEV/ONIX PLUS","Regular","1"
1386,"CLASSIC LS","Regular","1"
1387,"VW VOYAGE","Regular","1"
1388,"CHEV/PRISMA 1.4","Regular","1"
1389,"VW/POLO","Regular","1"
1390,"RENAULT","Irregular","1"
1391,"VW/ VOYAGE","Regular","1"
1392,"CHEV/ONIX","Regular","1"
1393,"FIAT/ SIENA","Regular","1"
1394,"CHEV/ SPIN","Regular","1"
1395,"FIAT SIENA","Regular","1"
1396,"CH/COLBAT","Irregular","1"
1397,"CITROEN BASALT","Irregular","1"
1398,"FIAT/PULSE","Regular","1"
1399,"NISSAN/KICKS","Irregular","1"
1400,"FIAT/G.SIENA","Regular","1"
1401,"HYUNDAI/HB20","Regular","1"
1402,"FIAT/SIENA","Regular","1"
1403,"CRONOS FLEX","Regular","1"
1404,"CHEV/ONIX 1.4","Regular","1"
1405,"CHEV/TRACKER","Regular","1"
1406,"CHEV/SPIN","Regular","1"
1407,"FIAT/PALIO","Regular","1"
1408,"FIAT/CRONOS","Regular","1"
1409,"CHEV/SPIN","Regular","1"
1410,"VW GOL","Regular","1"
1411,"CHE/ONIX PLUS","Regular","1"
1412,"VW VOYAGE","Regular","1"
1413,"CHEV/ONIX","Regular","1"
1414,"FIAT / SIENA","Regular","1"
1415,"CHEV/SPIN","Regular","1"
1416,"VW/VIRTUS","Regular","1"
1417,"VW/FOX","Regular","1"
1418,"TOYOTA /ETIOS","Regular","1"
1419,"VW/VIRTUS","Irregular","1"
1420,"TOYTA/ETIO SD","Regular","1"
1421,"CHEV/COBALT","Regular","1"
1422,"GM/CORSA","Regular","1"
1423,"YARIS TOYOTA","Regular","1"
1424,"CHEV/ COBALT","Regular","1"
1425,"SIENA","Regular","1"
1426,"","Regular","1"
1427,"FIAT SIENA","Regular","1"
1428,"COROLLA/CROSS","Regular","1"
1429,"SIENA","Regular","1"
1430,"HYUNDAI/CRETA","Regular","1"
1431,"FORD/KA SL 1.5","Irregular","1"
1432,"HYUNDAI/HB20","Regular","1"
1433,"FIAT ARGO 1.0","Regular","1"
1434,"CHEV/COBALT 1.8","Regular","1"
1435,"NISSAN/KCS","Regular","1"
1436,"FIAT/PALIO WK","Irregular","1"
1437,"FIAT SIENA","Regular","1"
1438,"CHEV/ONIX","Regular","1"
1439,"CHEV/COBALT","Regular","1"
1440,"CHEV/TRACKER","Irregular","1"
1441,"FIAT SIENA","Regular","1"
1442,"CHEV/CLASSIC","Regular","1"
1443,"CHEV/PRISMA","Regular","1"
1444,"VOYAGE","Regular","1"
1445,"CRONOS DRIVE","Regular","1"
1446,"VW/VIRTUS SENSE","Regular","1"
1447,"COBALT 1.4","Irregular","1"
1448,"TOYOTA YARIS","Regular","1"
1449,"GM/CLASSIC","Regular","1"
1450,"CHEV/SPIN","Regular","1"
1451,"TOYOTA/ COROLLA","Irregular","1"
1452,"FORD FOCUS","Regular","1"
1453,"CHEV/SPIN","Regular","1"
1454,"CHEV/PRIMA","Regular","1"
1455,"","Irregular","1"
1456,"CHEV/ONIX PLUS","Regular","1"
1457,"CHEV/COBALT","Regular","1"
1458,"VW GOL 1.0L MC4","Regular","1"
1459,"VW/ VIRTUS","Regular","1"
1460,"FIAT/SIENA","Irregular","1"
1461,"CHEV/PRISMA","Regular","1"
1462,"VOLKSWAGEN","Regular","1"
1463,"COMPASS LONGITU","Regular","1"
1464,"JEEP/COMPASS","Regular","1"
1465,"FIAT/WEEKEND","Regular","1"
1466,"FIAT/CRONOS","Regular","1"
1467,"CRONOS DRIVE","Regular","1"
1468,"TOYOTA/ COROLLA","Regular","1"
1469,"VW VIRTUS","Regular","1"
1470,"CHEV/MONTANA","Regular","1"
1471,"","Irregular","1"
1472,"CRONOS/DRIVE","Irregular","1"
1473,"TOYOTA/COROLLA","Regular","1"
1474,"CRONOS DRIVE","Irregular","1"
1475,"CHEV/ TRACKER","Regular","1"
1476,"VW/NOVO VOYAGE","Regular","1"
1477,"FORD KA SEL 1.5","Regular","1"
1478,"CH/COBALT","Irregular","1"
1479,"JEEP/ COMPASS","Irregular","1"
1480,"FIAT/CRONOS","Regular","1"
1481,"CHEV PRISMA","Regular","1"
1482,"BASALT/SHINE","Regular","1"
1483,"CRONOS DRIVE","Regular","1"
1484,"TOYOTA/COROLLA","Irregular","1"
1485,"CHEV/PRISMA","Irregular","1"
1486,"","Regular","1"
1487,"FIAT/DOBLO","Regular","1"
1488,"TOYOTA","Regular","1"
1489,"CHEV/SPIN","Regular","1"
1490,"VW/NOVO VOYAGE","Regular","1"
1491,"RENAULT/ LOGAN","Irregular","1"
1492,"CHEV/CLASSIC","Regular","1"
1493,"COROLLA CROSS","Regular","1"
1494,"FIAT/CRONOS","Regular","1"
1495,"CHEV/COBLAT","Regular","1"
1496,"FIAT/SIENA","Irregular","1"
1497,"RENAULT/OROCH","Regular","1"
1498,"VW VOYAGE TL","Regular","1"
1499,"FIAT/SIENA","Regular","1"
1500,"NISSAN KICKS","Regular","1"
1501,"CHEV/ONIX PLUS","Regular","1"
1502,"FIAT/ DOBLO","Regular","1"
1503,"VW/ VOYAGE","Regular","1"
1504,"CHEV/TRACKER","Regular","1"
1505,"CHEV/PRISMA","Regular","1"
1506,"COBALT 1.4 LTZ","Regular","1"
1507,"FORD/KA SE","Regular","1"
1508,"TOYOTA/XEI","Regular","1"
1509,"","Regular","1"
1510,"CHEV/ONIX","Regular","1"
1511,"CHEV CLASSIC","Regular","1"
1512,"CHEV PRISMA","Irregular","1"
1513,"VW/VIRTUS MB","Regular","1"
1514,"CHEV / TRACKER","Regular","1"
1515,"FIAT CRONOS","Irregular","1"
1516,"FORD/KA SE","Irregular","1"
1517,"ONIX PLUS","Regular","1"
1518,"NEW CRETA","Regular","1"
1519,"FIAT/MOBI","Regular","1"
1520,"FIAT/SIENA","Regular","1"
1521,"FIAT/SIENA 1.4","Regular","1"
1522,"TOYOTA/COROLLA","Regular","1"
1523,"CHEV/ONIX","Regular","1"
1524,"RENAULT/LOGAN","Regular","1"
1525,"VOYAGE 1.6","Irregular","1"
1526,"","Irregular","1"
1527,"NOVO/VOYAGE","Regular","1"
1528,"CHEV/ONIX","Regular","1"
1529,"TOYOTA/COROLLA","Regular","1"
1530,"","Regular","1"
1531,"CHEV/COBALT","Regular","1"
1532,"WV/GOL","Regular","1"
1533,"CHEV/TRACKER","Regular","1"
1534,"FIAT/ARGO 1.0","Regular","1"
1535,"GM/CLASSIC LS","Regular","1"
1536,"FIAT/CRONOS","Regular","1"
1537,"COROLLA/CROSS","Regular","1"
1538,"FIAT/SIENA 1.0","Regular","1"
1539,"TOYOTA/YARIS","Regular","1"
1540,"FIAT/SIENA","Regular","1"
1541,"FIAT/SIENA","Regular","1"
1542,"GM/PRISMA","Regular","1"
1543,"SPIN","Regular","1"
1544,"FIAT/CRONOS","Regular","1"
1545,"CHEV/ONIX PLUS","Irregular","1"
1546,"TOYOTA/CROSS","Regular","1"
1547,"FIAT/SIENA","Irregular","1"
1548,"FIAT/UNO","Regular","1"
1549,"FIAT/GRAND/SIEN","Regular","1"
1550,"CHEV PRISMA","Regular","1"
1551,"FIAT SIENA","Irregular","1"
1552,"VW/VIRTUS","Irregular","1"
1553,"CHEV/ COBALT","Regular","1"
1554,"TOYOTA/CCOROSS","Regular","1"
1555,"HYUNDAI/ HB20","Regular","1"
1556,"CHEV PRISMA","Regular","1"
1557,"FIAT/SIENA","Regular","1"
1558,"FIAT CRONOS","Regular","1"
1559,"FIAT/CRONOS","Regular","1"
1560,"TOYOTA/YARIS","Regular","1"
1561,"","Regular","1"
1562,"CHEV/PRISMA","Irregular","1"
1563,"FIAT / CRONOS","Regular","1"
1564,"FIAT/SIENA","Regular","1"
1565,"VW VOYAGE","Irregular","1"
1566,"VW / POLO","Regular","1"
1567,"CHEV/CELTA","Regular","1"
1568,"VW/POLO SENSE","Regular","1"
1569,"CHEV COBALT","Regular","1"
1570,"CHEV/ONIX PLUS","Regular","1"
1571,"FORD FIESTA","Irregular","1"
1572,"VW/VIRTUS","Regular","1"
1573,"VW/VIRTUS","Regular","1"
1574,"VW/TCROSS","Regular","1"
1575,"CHEV/CLASSIC","Regular","1"
1576,"CHEV/SPIN","Regular","1"
1577,"FIAT/ SIENA","Regular","1"
1578,"FIAT/SIENA 1.4","Regular","1"
1580,"FIAT/PALIO","Regular","1"
1581,"CHEV CLASSIC","Irregular","1"
1582,"CHEV/PRISMA","Regular","1"
1583,"VW/POLO","Regular","1"
1584,"CHEV/ SPIN","Regular","1"
1585,"CHERY/CELER","Regular","1"
1586,"TRACKER","Regular","1"
1587,"TOYOTA/COROLLA","Regular","1"
1588,"FIAT/PULSE","Irregular","1"
1589,"FIAT/PALIO","Irregular","1"
1590,"CHEV/COBALT","Regular","1"
1591,"VW/VIRTUS MB","Regular","1"
1592,"FIAT/SIENA","Regular","1"
1593,"CHEV/ONIX PLUS","Regular","1"
1594,"RENAULT/LOGAN","Regular","1"
1595,"TOYOTA ETIOS","Regular","1"
1596,"FIAT SIENA","Regular","1"
1597,"CHEV/COBALT","Regular","1"
1598,"PALIO/ FLEX","Regular","1"
1599,"CHEV/ONIX","Regular","1"
1600,"CHEV/TRACHER","Regular","1"
1601,"FIAT/UNO 1.0","Irregular","1"
1602,"FIAT/PALIO","Regular","1"
1603,"WV/POLO","Regular","1"
1604,"CHEV/COBALT","Regular","1"
1605,"CHEV PRISMA","Regular","1"
1606,"CHEV/ PRISMA","Irregular","1"
1607,"COBALT 1,4 LT","Regular","1"
1608,"HONDA/HR-V","Regular","1"
1609,"VW/VIRTUS","Regular","1"
1610,"CHEV/ SPIN","Regular","1"
1611,"HYUNDAI/CRETA","Regular","1"
1612,"FIAT/CRONOS","Regular","1"
1613,"FORD KA","Regular","1"
1614,"VW/VIRTUS","Regular","1"
1615,"TOYTA/YRIS","Regular","1"
1616,"CHEV / ONIX","Regular","1"
1617,"GM/ PRISMA 1.4","Regular","1"
1618,"SPIN 1.8 LTZ","Regular","1"
1619,"VW/VOYAGE","Regular","1"
1620,"TOYOTA / ETIOS","Regular","1"
1621,"FIAT/ VIVACE","Irregular","1"
1622,"TOYOTA/ YARIS","Regular","1"
1623,"HYUNDAI/CRETA","Regular","1"
1624,"CHEV/TRACKER","Regular","1"
1625,"VW/VIRTUS","Regular","1"
1626,"VW/VIRTUS SENSE","Regular","1"
1627,"VW/SPACEFOX","Regular","1"
1628,"FIAT DOBLO","Irregular","1"
1629,"TOYTA ETIOS","Regular","1"
1630,"FIAT/MOBI LIKE","Regular","1"
1631,"CHEV/SPIN","Regular","1"
1632,"RENAULT/KWID","Regular","1"
1633,"CITROEN C3 LIVE","Regular","1"
1634,"CHEV/ONIX","Regular","1"
1635,"VW/GOL","Regular","1"
1636,"CHEV/SPIN","Regular","1"
1637,"CHEV/ONIX","Regular","1"
1638,"TOYOTA","Regular","1"
1639,"CHEV/CLASSIC","Regular","1"
1640,"VW VOYAGE","Regular","1"
1641,"GM/PRISMA","Irregular","1"
1642,"VW/NOVO VOYAGE","Regular","1"
1643,"CHEV/SPIN","Regular","1"
1644,"FIAT CRONOS","Regular","1"
1645,"VW/NOVO VOYAGE","Regular","1"
1646,"CHEV/ CLASSIC","Regular","1"
1647,"GM CLASSIC","Irregular","1"
1648,"PEUGEOT","Regular","1"
1649,"HYUNDAY/HB20","Regular","1"
1650,"CHEV/SPIN","Regular","1"
1651,"LOGAN","Regular","1"
1652,"TOYOTA","Regular","1"
1653,"VW VOYAGE","Irregular","1"
1654,"VW/NOVO GOL 1.6","Regular","1"
1655,"VW/VIRTUS","Regular","1"
1656,"CHEV PRISMA","Regular","1"
1657,"FIAT/PALIO","Regular","1"
1658,"VW/ GOL","Regular","1"
1659,"TOYOTA/ETIOS SD","Regular","1"
1660,"FIAT / SIENA","Regular","1"
1661,"CHEV/SPIN 1.8","Regular","1"
1662,"CHEV AGILE","Irregular","1"
1663,"CHRV/ONOX","Regular","1"
1664,"CHEV/ONIX","Regular","1"
1665,"VW/VOYAGE","Regular","1"
1666,"FIAT/SIENA","Irregular","1"
1667,"VW VOYAGE","Regular","1"
1668,"CHEV/CLASSIC","Regular","1"
1669,"","Irregular","1"
1670,"COROLLA XEI","Regular","1"
1671,"FIAT /UNO MILLE","Irregular","1"
1672,"TOYOTA/YARIS","Regular","1"
1673,"COBALT","Regular","1"
1674,"FIAT SIENA","Regular","1"
1675,"CHEV/SPIN","Regular","1"
1676,"CHEV/PRISMA","Regular","1"
1677,"FORD/KA","Regular","1"
1678,"FIAT/SIENA","Regular","1"
1679,"","Regular","1"
1680,"I/PEUGEOT 208","Regular","1"
1681,"FIAT/DOBLO","Irregular","1"
1682,"FIAT/SIENA","Regular","1"
1683,"TOYOTA/YARIS","Regular","1"
1684,"VW/CROSSFOX","Regular","1"
1685,"HYUNDAI/HB20","Regular","1"
1686,"COROLLA / TOYOT","Regular","1"
1687,"CHEV/SPIN","Regular","1"
1688,"CHEV/ONIX","Irregular","1"
1689,"NOVO VOYAGE","Regular","1"
1690,"VW/VIRTUS SENSE","Regular","1"
1691,"","Regular","1"
1692,"VW/VIRTUS","Irregular","1"
1693,"FIAT/SIENAQ","Regular","1"
1694,"CHEV/ONIX","Regular","1"
1695,"VW/VIRTUS EX","Regular","1"
1696,"CHEV CLASSIC","Regular","1"
1697,"VW VIRTUS","Irregular","1"
1698,"VW/VIRTUS","Regular","1"
1699,"HYUMDAI/HB20","Regular","1"
1700,"FIAT DOBLO","Regular","1"
1701,"VW VOYAGE","Regular","1"
1702,"FORD KA","Regular","1"
1703,"FIAT/PALIO","Regular","1"
1704,"CHEV/COBALT","Regular","1"
1705,"CHEV/PRISMA","Regular","1"
1706,"VW NOVO VOYAGE","Regular","1"
1707,"RENAULT/LOGAN","Regular","1"
1708,"CHEV/PRISMA","Regular","1"
1709,"GM/PRISMA","Regular","1"
1710,"CRONOS DRIVE","Regular","1"
1711,"CHEV/PRISMA","Irregular","1"
1712,"CHEV/ CLASSIC","Regular","1"
1713,"CHEV SPIN 18L","Regular","1"
1714,"CHEV/COBALT","Irregular","1"
1715,"VW VOYAGE 1.6 L","Regular","1"
1716,"CITROEN/C3","Irregular","1"
1717,"CHEVOLET/ ONIX","Irregular","1"
1718,"CHEV/SPIN 1.8","Regular","1"
1719,"FIAT/SIENA","Regular","1"
1720,"JEEP/RENEGQDE","Regular","1"
1721,"","Irregular","1"
1722,"VW/VIRTUS","Regular","1"
1723,"VOLKSWAGEN","Regular","1"
1724,"CHEV/ONIX","Regular","1"
1725,"CHEVROLET/ COBA","Regular","1"
1726,"CHEV/ONIX","Regular","1"
1727,"NISSAN/VERSA 1.","Irregular","1"
1728,"FIAT ARGO","Regular","1"
1729,"COROLLA/CROSS","Regular","1"
1730,"CHEV/COBALT","Regular","1"
1731,"VW VIRTUS","Regular","1"
1732,"CHEV/COBALT","Regular","1"
1733,"TOYO/YARISTA","Regular","1"
1734,"CHEV/CLASSIC","Regular","1"
1735,"CHEV/ONIX PLUS","Regular","1"
1736,"TOYOTA/CCROSS","Regular","1"
1737,"TOYOTA/CCROSS","Regular","1"
1738,"VW/VOYAGE","Regular","1"
1739,"VW/POLO","Regular","1"
1740,"CHEV/ONIX","Regular","1"
1741,"FIAT CRONOS","Regular","1"
1742,"RENALT KWID","Regular","1"
1743,"FIAT/CRONOS","Irregular","1"
1744,"FIAT SIENA","Regular","1"
1745,"FIAT/SIENA","Regular","1"
1746,"FIAT/SIENA 1.4","Irregular","1"
1747,"CHEV/TRACKER","Irregular","1"
1748,"CHEV/SPIN 1.8","Regular","1"
1749,"FIAT/DOBLO","Regular","1"
1750,"CHEV PRISMA","Irregular","1"
1751,"VW/VIRTUS","Regular","1"
1752,"JEEP/RENEGADE","Regular","1"
1753,"FIAT SIENA","Irregular","1"
1754,"CHEV / SPIN","Irregular","1"
1755,"CHEV/SPIN","Regular","1"
1756,"CHEV SPIN 18L","Regular","1"
1757,"CHEV/ONIX","Regular","1"
1758,"CHEV/CELTA","Irregular","1"
1759,"VW/VIRTUS","Regular","1"
1760,"FIAT/MOBI LIKE","Regular","1"
1761,"VW/VIRTUS","Regular","1"
1762,"COROLLA/CROSS","Regular","1"
1763,"CHEV ONIX PLUS","Regular","1"
1764,"FIAT/ DOBLO","Irregular","1"
1765,"CHEV/SPIN","Regular","1"
1766,"CH/SPIN 1.8L MT","Irregular","1"
1767,"CHEV/SPIN 1.8","Regular","1"
1768,"JEEP COMPASSS","Regular","1"
1769,"CHEV/TRAKER","Regular","1"
1770,"FIAT/SIENA 1.4","Irregular","1"
1771,"TOYOTA/YARIS","Regular","1"
1772,"FIAT/DOBLO","Regular","1"
1773,"COROLLA XEI","Regular","1"
1774,"TOYOTA / YARIS","Regular","1"
1775,"CHEV/TRACKER","Regular","1"
1776,"CHEV/ISPIN","Regular","1"
1777,"HONDA HR-V","Irregular","1"
1778,"FIAT/SIENA 1.6","Regular","1"
1779,"CHEV PRISMA","Regular","1"
1780,"CHEV / CLASSIC","Regular","1"
1781,"FIAT/SIENA","Regular","1"
1782,"CHEV/PRISMA","Regular","1"
1783,"FIAT/CRONOS","Regular","1"
1784,"COROLLA /CROSS","Regular","1"
1785,"CHEV/ONIX","Regular","1"
1786,"FIAT/CRONOS","Irregular","1"
1787,"TOYOTA/CROSS XR","Regular","1"
1788,"FIAT/PALIO","Irregular","1"
1789,"RENAULT/DUSTER","Regular","1"
1790,"VW/VIRTUS","Regular","1"
1791,"CHEV / ONIX","Regular","1"
1792,"CHEV/ONIX","Regular","1"
1793,"FIAT/PULSE","Regular","1"
1794,"","Irregular","1"
1795,"VW/ T CROSS","Regular","1"
1796,"VW/VIRTUS","Irregular","1"
1797,"FIAT/SIENA","Regular","1"
1798,"SIENA 1,4","Irregular","1"
1799,"ONIX PLUS","Irregular","1"
1800,"NISSAN/VERSA","Regular","1"
1801,"TOYTA / ETIOS","Regular","1"
1802,"CHEV/ONIX PLUS","Regular","1"
1803,"CHEV/SPIN 1.8","Regular","1"
1804,"CHEV/TRACKER","Regular","1"
1805,"CHEV/SPIN","Regular","1"
1806,"VW/VOYAGE","Regular","1"
1807,"HONDA/HR-V EX","Regular","1"
1808,"GM/PRISMA","Regular","1"
1809,"CHEV/ ONIX","Regular","1"
1810,"CHEV/CLASSIC","Regular","1"
1811,"VOYAGE 1.6 CITY","Regular","1"
1812,"FIAT/PULSE","Regular","1"
1813,"FIAT/PUNTO","Regular","1"
1814,"CHEV/ONIX","Regular","1"
1815,"FIAT/DOBLO","Irregular","1"
1816,"CHEV/SPIN 1.8","Regular","1"
1817,"VOYAGE","Regular","1"
1818,"CHEV/PRISMA","Regular","1"
1819,"VW/FOX CONNECT","Regular","1"
1820,"FIAT/SIENA","Regular","1"
1821,"VW/NOVO GOL","Regular","1"
1822,"CLASSIC","Regular","1"
1823,"CHEV/SPIN","Regular","1"
1824,"FORD/KA","Regular","1"
1825,"SIENA EL 1.4","Regular","1"
1826,"CHEV/CLASSIC","Regular","1"
1827,"TOYOTA/YARIS","Regular","1"
1828,"VW/VOYAGE","Irregular","1"
1829,"VW/VOYAGE","Regular","1"
1830,"TOYOTA/COROLLA","Regular","1"
1831,"CHEV PRISMA","Regular","1"
1832,"","Irregular","1"
1833,"FORD KA","Regular","1"
1834,"FORD/FIESTA","Regular","1"
1835,"VW/NOVO VOYAGE","Regular","1"
1836,"FIAT/PULSEN MT","Regular","1"
1837,"FIAT/SIENA","Regular","1"
1838,"TOYOTA/CCROSS","Regular","1"
1839,"VW/VIRTUS","Regular","1"
1840,"CHEV SPIN 1.8","Regular","1"
1841,"PEUGEOT/208STYL","Regular","1"
1842,"RENAULT/KWID","Regular","1"
1843,"GM/COBLAT","Regular","1"
1844,"CHEV/ONIX PLUS","Irregular","1"
1845,"CORSA SEDAN","Regular","1"
1846,"CHEV/COBALT","Regular","1"
1847,"PEUGEOT/ 2008AC","Regular","1"
1848,"FIAT/SIENA","Regular","1"
1849,"SPIN 1.8 MT LTZ","Regular","1"
1850,"GM/SPIN","Regular","1"
1851,"CHEV/ONIX PLUS","Regular","1"
1852,"CHEV/ONIX PLUS","Regular","1"
1853,"NISSAN/KICKS","Regular","1"
1854,"VW / VIRTUS","Regular","1"
1855,"VOYAGE","Regular","1"
1856,"FIAT SIENA","Irregular","1"
1857,"CHEV ONIX PLUS","Regular","1"
1858,"CHEV SPIN","Regular","1"
1859,"VW/VOYAGE","Irregular","1"
1860,"CAOACHERY","Regular","1"
1861,"CHEV/PRISMA","Regular","1"
1862,"TOYOTA/COROLLA","Regular","1"
1863,"FORD KA","Regular","1"
1864,"TOYOTA/CCROSS","Regular","1"
1865,"VW/VIRTUS SENSE","Regular","1"
1866,"FIAT/PULSE","Regular","1"
1867,"CHEV/SPIN","Regular","1"
1868,"CHEV/SPIN","Regular","1"
1869,"HYUNDAI/HB20S","Regular","1"
1870,"VW/POLO HL","Regular","1"
1871,"CHEV/ONIX","Regular","1"
1872,"FIAT/DOBLO","Regular","1"
1873,"FIAT/SIENA 1.4","Regular","1"
1874,"VW/VOYAGE TL","Irregular","1"
1875,"TOYOTA/CCROSS","Regular","1"
1876,"YARIS/TOYOTA","Regular","1"
1877,"VW/VOYAGE","Irregular","1"
1878,"VWPARATI 1.6","Irregular","1"
1879,"CHEV / PRISMA","Regular","1"
1880,"VW/VIRTUS","Regular","1"
1881,"VW/VOYAGE","Regular","1"
1882,"CHEV PRISMA","Regular","1"
1883,"CHEV CLASSIC","Irregular","1"
1884,"CHEV CLASSIC","Irregular","1"
1885,"FIAT/CRONOS","Regular","1"
1886,"VW/ POLO","Regular","1"
1887,"GM PRISMA","Regular","1"
1888,"FIAT/SIENA","Regular","1"
1889,"VW/NOVO GOL","Regular","1"
1890,"GM/CORSA","Irregular","1"
1891,"FORD/KA SE","Regular","1"
1892,"TOYOTA COROLLA","Regular","1"
1893,"VW VIRTUS SENSE","Regular","1"
1894,"FIAT/SIENA 1.4","Regular","1"
1895,"VW/VIRTUS","Regular","1"
1896,"CHEV PRISMA","Regular","1"
1897,"FIAT/CRONOS","Regular","1"
1898,"HYUNDAY/CRETA","Regular","1"
1899,"FIAT/DOBLO","Regular","1"
1900,"VIRTUS VW","Regular","1"
1901,"CHEV/SPIN","Regular","1"
1902,"HYUNDAY / HB20","Regular","1"
1903,"CHEV/ONIX PLUS","Regular","1"
1904,"TOYOTA/COROLLA","Regular","1"
1905,"","Regular","1"
1906,"FIAT/MOBI LIKE","Regular","1"
1907,"RENAULT/SANDERO","Irregular","1"
1908,"RENAULT/KWID","Regular","1"
1909,"FIAT/FASTBACK","Regular","1"
1910,"FORD/KA","Regular","1"
1911,"FIAT SIENA","Irregular","1"
1912,"TOYOTA/ COROSS","Regular","1"
1913,"CHEV/CLASSIC LS","Regular","1"
1914,"FIAT/SIENA 1.4","Irregular","1"
1915,"CHEV/ONIX","Regular","1"
1916,"RENAULT/KWID","Regular","1"
1917,"CHEV/ONIX","Regular","1"
1918,"FIAT/SIENA 1.4","Regular","1"
1919,"CHEV/SPIN","Regular","1"
1920,"TOYOTA COROLLA","Irregular","1"
1921,"HYUNDAI/HB20","Regular","1"
1922,"CHEV/SPIN","Regular","1"
1923,"HONDA","Regular","1"
1924,"GM/SPIN","Regular","1"
1925,"CHEV/AGILE","Regular","1"
1926,"CHEV/PRISMA","Regular","1"
1927,"TOYOTA/YARIS SA","Regular","1"
1928,"TOYOTA/YARIS","Regular","1"
1929,"VW/VOYAGE","Regular","1"
1930,"FIAT/ SIENA","Regular","1"
1931,"FORD/FIESTA","Irregular","1"
1932,"VW VOYAGE","Irregular","1"
1933,"VW/VIRTUS","Regular","1"
1934,"FORD/KA","Regular","1"
1935,"VW/ VIRTUS","Regular","1"
1936,"TOYOTA COROLLA","Regular","1"
1937,"CITROEN/BASALT","Regular","1"
1938,"CHEV/ COBALT","Regular","1"
1939,"CHEV/ONIX","Regular","1"
1940,"FIAT/SIENA 1.0","Regular","1"
1941,"CHEV/ONIX","Regular","1"
1942,"GM/ONIX PLUS","Regular","1"
1943,"VW/VIRTUS","Regular","1"
1944,"FORD/KA 1.5 SD","Regular","1"
1945,"NOVO FOX","Irregular","1"
1946,"CHEV/PRISMA","Regular","1"
1947,"RENAULT/DUSTER","Regular","1"
1948,"CHEV/PRISMA","Regular","1"
1949,"TOYOTA/COROLLA","Regular","1"
1950,"CHEV/CLASSIC","Regular","1"
1951,"NISSAN/KICKS","Regular","1"
1952,"HANDA/ CITY","Regular","1"
1953,"CHEV/PRISMA","Regular","1"
1954,"TOYOTA/ COROLLA","Regular","1"
1955,"COROLLA CROSS","Regular","1"
1956,"CHEV/SPIN 1.8","Regular","1"
1957,"TOYOTA/YARIS","Regular","1"
1958,"CHEV/SPIN","Regular","1"
1959,"CHEV/CLASSIC","Irregular","1"
1960,"FIAT/PALIO FIRE","Irregular","1"
1961,"CHEV/SPIN","Regular","1"
1962,"VW/VOYAGE","Regular","1"
1963,"RENAULT/LOGAN","Regular","1"
1964,"FIAT/ SIENA ESS","Regular","1"
1965,"CRONOS/DRIVE","Regular","1"
1966,"RENAULT/SANDERO","Regular","1"
1967,"RENAULT/KWIND Z","Regular","1"
1968,"CHEV/TRACKER","Regular","1"
1969,"TOYOTA/ COROLLA","Regular","1"
1970,"FIAT/ARGO","Irregular","1"
1971,"CHEV/ CLASSIC","Irregular","1"
1972,"VW/VOYAGE","Regular","1"
1973,"VW/POLO","Regular","1"
1974,"CITROEN/C3 FEEL","Regular","1"
1975,"HYUDAI/HB20","Regular","1"
1976,"CHEV/SPIN","Regular","1"
1977,"","Regular","1"
1978,"FIAT/SIENA","Irregular","1"
1979,"FIAT/DOBLO","Regular","1"
1980,"CHEV/ SPIN","Regular","1"
1981,"GM/CLASSIC","Regular","1"
1982,"COROLLA CROSS","Regular","1"
1983,"CHEV/PRISMA","Irregular","1"
1984,"FIAT/G.SIENA","Regular","1"
1985,"CHEV PRISMA","Irregular","1"
1986,"FIAT/CRONOS","Regular","1"
1987,"CHEV/TRACKER","Regular","1"
1988,"CLASSIC","Regular","1"
1989,"VW/ VIRTUS","Regular","1"
1990,"VW/VOYAGE 1.6","Irregular","1"
1991,"VW/FOX","Regular","1"
1992,"TOYOTA/COROLLA","Regular","1"
1993,"ONIX PLUS","Regular","1"
1994,"CHEV / CLASSIC","Regular","1"
1995,"TOYOTA/CCROSS","Regular","1"
1996,"VW/POLO","Irregular","1"
1997,"VW/VRTUS AB","Regular","1"
1998,"CHEV/TRACKER","Regular","1"
1999,"FORD/KA","Regular","1"
2000,"CHEV/MONTANA","Regular","1"
2001,"CHEV/CLASSIC","Irregular","1"
2002,"CITROEN/BASALT","Regular","1"
2003,"TOYOTA /COROLLA","Regular","1"
2004,"FIAT/DOBLO","Regular","1"
2005,"FIAT/MOBI","Regular","1"
2006,"TOYOTA/ CCROSS","Regular","1"
2007,"VW/NIVUS CL","Regular","1"
2008,"FORD/KA","Irregular","1"
2009,"CITROEN/BASALT","Regular","1"
2010,"CHEV/ ONIX PLUS","Regular","1"
2011,"CHEV/TRACKER","Regular","1"
2012,"RENAUT/KWID","Regular","1"
2013,"CHEV/SPIN","Regular","1"
2014,"CHEV/ONIX","Regular","1"
2015,"GM/CLASSIC","Irregular","1"
2016,"VW/VIRTUS AB","Regular","1"
2017,"FIAT/UNO","Irregular","1"
2018,"COROLLA/CROSS","Regular","1"
2019,"CHEV/PRISMA 1.4","Regular","1"
2020,"FIAT CRONOS","Regular","1"
2021,"FIAT SIENA","Regular","1"
2022,"COROLLA ALTIS","Regular","1"
2023,"CHEV/ SPIN","Regular","1"
2024,"FIAT/ DOBLO","Regular","1"
2025,"CHEV/MONTANA","Regular","1"
2026,"VW/POLO","Irregular","1"
2027,"RENAULT/DUSTER","Regular","1"
2028,"COROLLA/CROSS20","Regular","1"
2029,"FIAT/PALIO","Regular","1"
2030,"CHEV/SPIN","Regular","1"
2031,"FIAT SIENA ESSE","Regular","1"
2032,"RENAULT","Regular","1"
2033,"CHEV/SPIN","Irregular","1"
2034,"CHEV/CLASSIC","Regular","1"
2035,"GM/CORSA","Irregular","1"
2036,"FIAT/CRONOS","Regular","1"
2037,"TOYOTA/ COROLLA","Regular","1"
2038,"JEEP/COMPASS","Irregular","1"
2039,"FIAT/SIENA","Regular","1"
2040,"CHEVCLASSIC","Regular","1"
2041,"FIAT/CRONOS","Irregular","1"
2042,"FIAT/CRONOS","Regular","1"
2043,"VW / VOYAGE","Regular","1"
2044,"CHEV/SPIN 1.8","Regular","1"
2045,"TOYOTA/CROSS","Regular","1"
2046,"CHEV/ONIX","Regular","1"
2047,"VW VOYAGE","Regular","1"
2048,"CHEV/SPIN 1.8","Regular","1"
2049,"CHEV/ONIX","Regular","1"
2050,"I/FIAT CRONOS","Regular","1"
2051,"TOYOTA/COROLLA","Regular","1"
2052,"CAOACHERY/TIGGO","Regular","1"
2053,"NISSAN/VERSA","Regular","1"
2054,"CRONOS/DRIVE","Regular","1"
2055,"CHEV/ONIX","Regular","1"
2056,"CHEV/COBALT","Regular","1"
2057,"FIAT/DOBLO","Regular","1"
2058,"CHEV COBALT","Regular","1"
2059,"CITROEN/C3","Regular","1"
2060,"VW/VOYAGE","Regular","1"
2061,"CHEV/TRACKER","Regular","1"
2062,"FIAT/ SIENA","Irregular","1"
2063,"TOYOTA/ETIOS","Regular","1"
2064,"VW/SPACEFOX","Regular","1"
2065,"VW/VIRTUS SENSE","Regular","1"
2066,"CHEV/ SPIN","Irregular","1"
2067,"VW/POLO","Regular","1"
2068,"GM/CORSA SEDAN","Irregular","1"
2069,"CHEV PRISMA","Regular","1"
2070,"CHEV/CLASSIC","Regular","1"
2071,"","Regular","1"
2072,"CLASSIC LS 1.0","Regular","1"
2073,"CHEV/ SPIN","Regular","1"
2074,"VW/ VOYAGE","Regular","1"
2075,"CHEV/TRACKER","Irregular","1"
2076,"FIAT/CRONOS","Regular","1"
2077,"FIAT CRONOS","Regular","1"
2078,"PRISMA 1.4 LT","Irregular","1"
2079,"NISSAN VERSA","Regular","1"
2080,"FORD/KA","Regular","1"
1,"CITROEN JUMPER","Regular","2"
2,"","Irregular","2"
3,"CHEV/SPIN 1.8","Regular","2"
4,"CHEV/ SPIN","Regular","2"
5,"JUMPER","Regular","2"
6,"MICRO/ ONIBUS","Regular","2"
7,"FIAT/ DOBLO","Regular","2"
8,"FIAT/DUCATO","Regular","2"
9,"CHEV SPIN","Regular","2"
10,"FIAT/DOBLO","Irregular","2"
11,"","Irregular","2"
12,"","Irregular","2"
13,"CHEV/ SPIN","Regular","2"
14,"FIAT/DUCATO MU","Irregular","2"
15,"CITROEN/JUMPER","Irregular","2"
16,"TOPIC","Regular","2"
17,"CITROEN/JUMPER","Irregular","2"
18,"FIAT/DOBLO","Irregular","2"
19,"CITROEN/JUPER","Regular","2"
20,"CHEV/SPIN","Regular","2"
21,"CHEV/ SPIN","Regular","2"
22,"JUMPER","Regular","2"
23,"FIAT/DUCATO","Regular","2"
24,"JUMPER","Regular","2"
25,"CINTROEN/ JUMPE","Regular","2"
26,"SPIN","Regular","2"
27,"MASTER","Regular","2"
28,"FIAT/DOBL ESSE","Regular","2"
29,"FIAT/DOBLO ESSE","Regular","2"
30,"CITRONEN/JUMP","Regular","2"
31,"VOLARE","Irregular","2"
32,"FIAT/DOBLO 1.4","Irregular","2"
33,"CHEV/SPIN","Regular","2"
34,"CITROEN","Regular","2"
35,"CITROEN/JUMP","Irregular","2"
36,"FIAT/DOBLO","Regular","2"
37,"FIAT/DOBLO","Regular","2"
38,"FIAT/DOBLO","Regular","2"
39,"CITROEN JUMPER","Irregular","2"
40,"CHEV/SPIN 1.8","Regular","2"
41,"CITROEN JUMPER","Irregular","2"
42,"CHEV/SPIN 1.8","Regular","2"
43,"FIAT/DOBLO","Regular","2"
44,"FIAT/DUTATO","Regular","2"
45,"CHEV/SPIN","Regular","2"
46,"FIAT DOBLO","Regular","2"
47,"PEUGEOT/BOXER","Irregular","2"
48,"GM/SPIN","Irregular","2"
49,"CHEV/SPIN","Regular","2"
50,"MASTER/MINIBUS","Regular","2"
51,"CHEV/SPIN 1.8","Regular","2"
52,"BOXER","Regular","2"
53,"CHEV/SPIN 1.8","Regular","2"
54,"","Irregular","2"
55,"FIAT/DOBLO","Regular","2"
56,"FIAT/DOBLO","Regular","2"
57,"CITROEN/JUMPER","Regular","2"
58,"CINTROEN/JUMPER","Regular","2"
59,"MASTER MINIBUS","Irregular","2"
60,"VHEV/SPIN","Regular","2"
61,"CHEV/SPIN","Irregular","2"
62,"KOMBI","Irregular","2"
63,"","Regular","2"
64,"CITROEN / JUMPE","Regular","2"
65,"CHEV/SPIN","Regular","2"
66,"CHEV/SPIN 1.8","Regular","2"
67,"CHEV/SPIN","Regular","2"
68,"CHEV/SPIN","Regular","2"
69,"CHEV/SPIN","Regular","2"
70,"FIAT/DOBLO","Irregular","2"
71,"CHV/SPIN","Irregular","2"
72,"FIAT/DOBLO","Regular","2"
73,"CHEV/SPIN","Irregular","2"
74,"FIAT/BOBLO 1.4","Regular","2"
75,"BOXER MINIBUS","Regular","2"
76,"CHEV/SPIN","Irregular","2"
77,"FIAT DOBLO ESSE","Regular","2"
78,"CHEDV/SPIN","Regular","2"
79,"FIAT/DUCATO","Regular","2"
80,"FIAT/DOBLO","Regular","2"
81,"PEUGEOT/BOXER","Regular","2"
82,"FIAT/DOBLO","Irregular","2"
83,"PEUGEOT/BOXER","Regular","2"
84,"CHEV/SPIN","Regular","2"
85,"RENAULT/MASTER","Regular","2"
86,"CHEV/SPIN","Regular","2"
87,"CIRTROEN/JUMPER","Regular","2"
88,"CHEV SPIN","Regular","2"
89,"JUMPER","Regular","2"
90,"FIAT DOBLO ADV","Irregular","2"
91,"KOMBI","Irregular","2"
92,"PAS MICROONIB","Regular","2"
93,"FIAT DOBLO","Regular","2"
94,"CHEV/SPIN","Regular","2"
95,"","Irregular","2"
96,"FIAT DOBLO","Regular","2"
97,"PEUGEOT/BOXER","Regular","2"
98,"CITROEN/JUMPERT","Regular","2"
99,"VW/COMBI","Regular","2"
100,"CITROEN/JUMPER","Regular","2"
101,"CHEV/ SPIN","Regular","2"
102,"PEUGEO BOXER","Regular","2"
103,"FIAT DOBLO","Regular","2"
104,"CITROEN/JUMPER","Regular","2"
105,"NISSAN LIVINA","Irregular","2"
106,"DOBLO","Irregular","2"
107,"CHEV/SPIN","Regular","2"
108,"I/FORD TRANSIT","Regular","2"
109,"CHEV/SPIN","Regular","2"
110,"RENAULT MASTER","Irregular","2"
111,"FIAT/DOBLO","Regular","2"
112,"","Irregular","2"
113,"SPIN","Regular","2"
114,"RENAULT/MASTER","Regular","2"
115,"DOBLO ELX","Regular","2"
116,"FIAT/DOBLO","Regular","2"
117,"FIAT/DUCAT","Regular","2"
118,"FIAT/DUCATO","Irregular","2"
119,"NISSAN/G.LIVINA","Regular","2"
120,"NISSAN /GRAND L","Irregular","2"
121,"CHEV/SPIN 1.8","Regular","2"
122,"FIAT/DOBLO","Irregular","2"
123,"FIAT DOBLO","Regular","2"
124,"CHEV/SPIN","Regular","2"
125,"FIAT DOBLO","Irregular","2"
126,"FIAT/DOBLO 1.8","Regular","2"
127,"CITROEN JUMPER","Regular","2"
128,"FIAT/DUCATO","Irregular","2"
129,"CITROEN/ JUMPER","Regular","2"
130,"FIAT DOBLO","Regular","2"
131,"JUMPER","Regular","2"
132,"CHEV/SPIN","Regular","2"
133,"I PEUGEOT EXPER","Regular","2"
134,"CHEV/SPIN","Irregular","2"
135,"CHEV / SPIN","Regular","2"
136,"CHEV/SPIN","Regular","2"
137,"CHEV/SPIN","Regular","2"
138,"FIAT/DOBLO","Regular","2"
139,"CITROEN/JUMPER","Regular","2"
140,"FIAT/DOBLO","Regular","2"
141,"CITROEN/JUMPER","Regular","2"
142,"FIAT/DOBLO","Regular","2"
143,"CHEV/SPIN","Regular","2"
144,"CITROEN/JUMPER","Irregular","2"
145,"CHEV/SPIN","Regular","2"
146,"GM/SPIN","Regular","2"
147,"CHEV SPIN","Regular","2"
148,"CHEV/SPIN","Regular","2"
149,"HAFEI MINIVAN","Irregular","2"
150,"","Irregular","2"
151,"CITROEN/ JUMPE2","Regular","2"
152,"CHEV SPIN 18L","Regular","2"
153,"","Irregular","2"
154,"CITROEN/JUMPER","Regular","2"
155,"FIAT/DOBLO","Regular","2"
156,"BOXER MINIBUS","Regular","2"
157,"CHEV/SPIN","Regular","2"
158,"SPIN 1.8 LTZ","Irregular","2"
159,"JUMPER","Regular","2"
160,"CHEV/SPIN","Regular","2"
161,"CITROEN/JUMPER","Irregular","2"
162,"CHEV SPIN","Regular","2"
163,"FIAT/DOBLO","Regular","2"
164,"SPIN","Regular","2"
165,"I/JINNBEI SHINE","Regular","2"
166,"JUMPER","Regular","2"
167,"FIAT DOBLO","Irregular","2"
168,"FIAT/DOBLO","Regular","2"
169,"FIAT/DOBLO","Regular","2"
170,"RENAULT/MASTER","Regular","2"
171,"FIAT/DOBLO","Irregular","2"
172,"DOBLO ESSENCE","Regular","2"
173,"FIAT DOBLO","Regular","2"
174,"","Regular","2"
175,"CHEV/SPIN","Regular","2"
176,"PASS/MICROONIB","Regular","2"
177,"FIAT/DUCATO","Irregular","2"
178,"CITROEN /JUMPER","Regular","2"
179,"FIAT DOBLO","Regular","2"
180,"FIAT DOBLO","Regular","2"
181,"CHEV/SPIN","Irregular","2"
182,"CITROEN JUMPER","Irregular","2"
183,"DOBL 1.4","Regular","2"
184,"","Irregular","2"
185,"FIAT DOBLO","Regular","2"
186,"FIAT/DOBLO","Regular","2"
187,"FIAT/DOBLO","Irregular","2"
188,"PEUGEIT/MICROON","Regular","2"
189,"CITROEN/JUMPER","Regular","2"
190,"CHEV SPIN","Regular","2"
191,"CITROEN/JUMPER","Regular","2"
192,"FIAT/DOBLO","Regular","2"
193,"CINTROEN/JUMPER","Irregular","2"
194,"CHEV/SPIG","Irregular","2"
195,"CHEV/SPIN","Irregular","2"
196,"","Irregular","2"
197,"DOBLO","Irregular","2"
198,"FIA/DOBLO","Regular","2"
199,"CITROEN/JUMPER","Regular","2"
200,"KOMBI","Irregular","2"
201,"CHEV / SPIN","Regular","2"
202,"CITRON/JUMPER","Regular","2"
203,"VW/KOMBI","Regular","2"
204,"FIAT/DOBLO","Regular","2"
205,"MICROONIBUS","Regular","2"
206,"FIAT/DUCATO","Regular","2"
207,"SPIN","Irregular","2"
208,"CHEV SPIN","Irregular","2"
209,"FIAT/DOBLO","Regular","2"
210,"","Irregular","2"
211,"VW/KOMBI","Irregular","2"
212,"CHEV/SPIN","Irregular","2"
213,"PEUGEOT BOXER","Regular","2"
214,"SPIN","Regular","2"
215,"MOCOPOLO/VOLARE","Regular","2"
216,"CHEV / SPIN","Irregular","2"
217,"FIAT/DOBLO 1.8","Irregular","2"
218,"JUMPER MINIBUS","Regular","2"
219,"","Irregular","2"
220,"CITROEN JUMP","Irregular","2"
221,"CHEV/SPIN","Irregular","2"
222,"CHEV/SPIN","Regular","2"
223,"FIAT DOBLO 1.8","Irregular","2"
224,"CHEV / SPIN","Irregular","2"
225,"FIAT/DOBLO","Irregular","2"
226,"FIAT DOBLO","Irregular","2"
227,"FIAT/DOBLO 1.4","Regular","2"
228,"FIAT DOBLO","Regular","2"
229,"FIAT/DOBLO","Regular","2"
230,"CHE SPIN","Irregular","2"
231,"CHEV/SPIN","Regular","2"
232,"CHEV/SPIN 1.8","Regular","2"
233,"CITROEN/JUMPER","Regular","2"
234,"CHEV/SPIN","Irregular","2"
235,"FORD/TRST MODIF","Irregular","2"
236,"FIAT/DOBLO","Regular","2"
237,"FIAT/DUCATO","Irregular","2"
238,"FIAT/DOBLO","Regular","2"
239,"FIAT/DOBLO","Irregular","2"
240,"CHEV/SPIN","Regular","2"
241,"DOBLO ATTRACTIV","Regular","2"
242,"RENAUT / MASTER","Regular","2"
243,"CITROEN/JUMPER","Regular","2"
244,"FIAT DOBLO","Regular","2"
245,"SPIN","Regular","2"
246,"FIAT/DOBLO","Regular","2"
247,"FIAT/DOBLO","Regular","2"
248,"FIAT DOBLO","Regular","2"
249,"CHEV/SPIN","Regular","2"
250,"CITROEN/JUMPER","Regular","2"
